Time,Pos,Period,CalPos
0.0,0.535,0.0,0.1304393939393939
0.05,0.519,0.0,0.1144393939393939
0.1,0.495,0.0,0.09043939393939388
0.15,0.464,0.0,0.0594393939393939
0.2,0.421,0.0,0.016439393939393865
0.25,0.382,0.0,-0.022560606060606114
0.3,0.345,0.0,-0.05956060606060615
0.35,0.312,0.0,-0.09256060606060612
0.4,0.287,0.0,-0.11756060606060614
0.45,0.272,0.0,-0.1325606060606061
0.5,0.269,0.0,-0.1355606060606061
0.55,0.277,0.0,-0.1275606060606061
0.6,0.295,0.0,-0.10956060606060614
0.65,0.323,0.0,-0.08156060606060611
0.7,0.357,0.0,-0.047560606060606136
0.75,0.396,0.0,-0.008560606060606102
0.8,0.435,0.0,0.030439393939393877
0.85,0.472,0.0,0.06743939393939385
0.9,0.502,0.0,0.09743939393939388
0.95,0.525,0.0,0.1204393939393939
1.0,0.538,0.0,0.1334393939393939
1.05,0.539,1.1,0.13443939393939391
1.1,0.529,0.0,0.1244393939393939
1.15,0.509,0.0,0.10443939393939389
1.2,0.48,0.0,0.07543939393939386
1.25,0.444,0.0,0.039439393939393885
1.3,0.405,0.0,0.00043939393939390614
1.35,0.371,0.0,-0.033560606060606124
1.4,0.336,0.0,-0.0685606060606061
1.45,0.303,0.0,-0.10156060606060613
1.5,0.282,0.0,-0.12256060606060615
1.55,0.271,1.0,-0.1335606060606061
1.6,0.272,0.0,-0.1325606060606061
1.65,0.284,0.0,-0.12056060606060615
1.7,0.307,0.0,-0.09756060606060613
1.75,0.337,0.0,-0.0675606060606061
1.8,0.374,0.0,-0.03056060606060612
1.85,0.412,0.0,0.007439393939393857
1.9,0.45,0.0,0.04543939393939389
1.95,0.485,0.0,0.08043939393939387
2.0,0.513,0.0,0.10843939393939389
2.05,0.531,0.0,0.1264393939393939
2.1,0.539,1.1,0.13443939393939391
2.15,0.536,0.0,0.1314393939393939
2.2,0.522,0.0,0.1174393939393939
2.25,0.497,0.0,0.09243939393939388
2.3,0.465,0.0,0.060439393939393904
2.35,0.428,0.0,0.02343939393939387
2.4,0.389,0.0,-0.015560606060606108
2.45,0.351,0.0,-0.05356060606060614
2.5,0.318,0.0,-0.08656060606060612
2.55,0.292,0.0,-0.11256060606060614
2.6,0.275,0.0,-0.1295606060606061
2.65,0.27,1.0999999999999996,-0.1345606060606061
2.7,0.275,0.0,-0.1295606060606061
2.75,0.292,0.0,-0.11256060606060614
2.8,0.318,0.0,-0.08656060606060612
2.85,0.351,0.0,-0.05356060606060614
2.9,0.39,0.0,-0.014560606060606107
2.95,0.429,0.0,0.024439393939393872
3.0,0.465,0.0,0.060439393939393904
3.05,0.498,0.0,0.09343939393939388
3.1,0.522,0.0,0.1174393939393939
3.15,0.536,0.0,0.1314393939393939
3.2,0.539,1.1000000000000005,0.13443939393939391
3.25,0.531,0.0,0.1264393939393939
3.3,0.513,0.0,0.10843939393939389
3.35,0.485,0.0,0.08043939393939387
3.4,0.45,0.0,0.04543939393939389
3.45,0.412,0.0,0.007439393939393857
3.5,0.374,0.0,-0.03056060606060612
3.55,0.337,0.0,-0.0675606060606061
3.6,0.306,0.0,-0.09856060606060613
3.65,0.284,0.0,-0.12056060606060615
3.7,0.272,0.0,-0.1325606060606061
3.75,0.271,1.0999999999999996,-0.1335606060606061
3.8,0.281,0.0,-0.12356060606060609
3.85,0.302,0.0,-0.10256060606060613
3.9,0.331,0.0,-0.0735606060606061
3.95,0.366,0.0,-0.03856060606060613
4.0,0.405,0.0,0.00043939393939390614
4.05,0.443,0.0,0.038439393939393884
4.1,0.478,0.0,0.07343939393939386
4.15,0.508,0.0,0.10343939393939389
4.2,0.528,0.0,0.1234393939393939
4.25,0.538,1.0,0.1334393939393939
4.3,0.537,0.0,0.1324393939393939
4.35,0.524,0.0,0.1194393939393939
4.4,0.503,0.0,0.09843939393939388
4.45,0.472,0.0,0.06743939393939385
4.5,0.435,0.0,0.030439393939393877
4.55,0.398,0.0,-0.0065606060606061
4.6,0.362,0.0,-0.04256060606060613
4.65,0.327,0.0,-0.07756060606060611
4.7,0.298,0.0,-0.10656060606060613
4.75,0.279,0.0,-0.1255606060606061
4.8,0.271,1.0999999999999996,-0.1335606060606061
4.85,0.274,0.0,-0.1305606060606061
4.9,0.289,0.0,-0.11556060606060614
4.95,0.313,0.0,-0.09156060606060612
5.0,0.345,0.0,-0.05956060606060615
5.05,0.382,0.0,-0.022560606060606114
5.1,0.42,0.0,0.015439393939393864
5.15,0.458,0.0,0.0534393939393939
5.2,0.491,0.0,0.08643939393939387
5.25,0.516,0.0,0.1114393939393939
5.3,0.533,0.0,0.1284393939393939
5.35,0.538,1.0999999999999996,0.1334393939393939
5.4,0.532,0.0,0.1274393939393939
5.45,0.516,0.0,0.1114393939393939
5.5,0.49,0.0,0.08543939393939387
5.55,0.457,0.0,0.0524393939393939
5.6,0.419,0.0,0.014439393939393863
5.65,0.38,0.0,-0.024560606060606116
5.7,0.344,0.0,-0.06056060606060615
5.75,0.312,0.0,-0.09256060606060612
5.8,0.288,0.0,-0.11656060606060614
5.85,0.274,0.0,-0.1305606060606061
5.9,0.272,1.1000000000000014,-0.1325606060606061
5.95,0.281,0.0,-0.12356060606060609
6.0,0.3,0.0,-0.10456060606060613
6.05,0.328,0.0,-0.0765606060606061
6.1,0.365,0.0,-0.03956060606060613
6.15,0.399,0.0,-0.005560606060606099
6.2,0.436,0.0,0.03143939393939388
6.25,0.473,0.0,0.06843939393939386
6.3,0.503,0.0,0.09843939393939388
6.35,0.525,0.0,0.1204393939393939
6.4,0.536,0.0,0.1314393939393939
6.45,0.537,1.0999999999999996,0.1324393939393939
6.5,0.527,0.0,0.1224393939393939
6.55,0.506,0.0,0.10143939393939388
6.6,0.477,0.0,0.07243939393939386
6.65,0.442,0.0,0.037439393939393883
6.7,0.403,0.0,-0.0015606060606060956
6.75,0.365,0.0,-0.03956060606060613
6.8,0.33,0.0,-0.0745606060606061
6.85,0.302,0.0,-0.10256060606060613
6.9,0.282,0.0,-0.12256060606060615
6.95,0.272,1.0,-0.1325606060606061
7.0,0.274,0.0,-0.1305606060606061
7.05,0.286,0.0,-0.11856060606060614
7.1,0.309,0.0,-0.09556060606060612
7.15,0.339,0.0,-0.0655606060606061
7.2,0.375,0.0,-0.02956060606060612
7.25,0.413,0.0,0.008439393939393858
7.3,0.451,0.0,0.04643939393939389
7.35,0.485,0.0,0.08043939393939387
7.4,0.512,0.0,0.10743939393939389
7.45,0.53,0.0,0.1254393939393939
7.5,0.538,1.0999999999999996,0.1334393939393939
7.55,0.534,0.0,0.1294393939393939
7.6,0.519,0.0,0.1144393939393939
7.65,0.495,0.0,0.09043939393939388
7.7,0.463,0.0,0.0584393939393939
7.75,0.427,0.0,0.02243939393939387
7.8,0.389,0.0,-0.015560606060606108
7.85,0.351,0.0,-0.05356060606060614
7.9,0.318,0.0,-0.08656060606060612
7.95,0.293,0.0,-0.11156060606060614
8.0,0.277,0.0,-0.1275606060606061
8.05,0.272,1.1000000000000014,-0.1325606060606061
8.1,0.278,0.0,-0.1265606060606061
8.15,0.295,0.0,-0.10956060606060614
8.2,0.32,0.0,-0.08456060606060611
8.25,0.353,0.0,-0.05156060606060614
8.3,0.39,0.0,-0.014560606060606107
8.35,0.429,0.0,0.024439393939393872
8.4,0.465,0.0,0.060439393939393904
8.45,0.497,0.0,0.09243939393939388
8.5,0.52,0.0,0.1154393939393939
8.55,0.534,0.0,0.1294393939393939
8.6,0.537,1.0999999999999979,0.1324393939393939
8.65,0.528,0.0,0.1234393939393939
8.7,0.51,0.0,0.10543939393939389
8.75,0.482,0.0,0.07743939393939386
8.8,0.448,0.0,0.04343939393939389
8.85,0.41,0.0,0.005439393939393855
8.9,0.373,0.0,-0.03156060606060612
8.95,0.337,0.0,-0.0675606060606061
9.0,0.308,0.0,-0.09656060606060612
9.05,0.286,0.0,-0.11856060606060614
9.1,0.276,0.0,-0.1285606060606061
9.15,0.274,1.1000000000000014,-0.1305606060606061
9.2,0.284,0.0,-0.12056060606060615
9.25,0.305,0.0,-0.09956060606060613
9.3,0.335,0.0,-0.0695606060606061
9.35,0.37,0.0,-0.034560606060606125
9.4,0.407,0.0,0.0024393939393938524
9.45,0.444,0.0,0.039439393939393885
9.5,0.479,0.0,0.07443939393939386
9.55,0.507,0.0,0.10243939393939389
9.6,0.527,0.0,0.1224393939393939
9.65,0.536,1.0,0.1314393939393939
9.7,0.534,0.0,0.1294393939393939
9.75,0.522,0.0,0.1174393939393939
9.8,0.499,0.0,0.09443939393939388
9.85,0.469,0.0,0.06443939393939385
9.9,0.433,0.0,0.028439393939393875
9.95,0.395,0.0,-0.009560606060606103
10.0,0.357,0.0,-0.047560606060606136
10.05,0.324,0.0,-0.08056060606060611
10.1,0.298,0.0,-0.10656060606060613
10.15,0.28,0.0,-0.1245606060606061
10.2,0.273,1.0999999999999979,-0.1315606060606061
10.25,0.277,0.0,-0.1275606060606061
10.3,0.291,0.0,-0.11356060606060614
10.35,0.316,0.0,-0.08856060606060612
10.4,0.348,0.0,-0.056560606060606144
10.45,0.384,0.0,-0.020560606060606113
10.5,0.422,0.0,0.017439393939393866
10.55,0.459,0.0,0.0544393939393939
10.6,0.492,0.0,0.08743939393939387
10.65,0.516,0.0,0.1114393939393939
10.7,0.533,0.0,0.1284393939393939
10.75,0.537,1.1000000000000014,0.1324393939393939
10.8,0.531,0.0,0.1264393939393939
10.85,0.514,0.0,0.10943939393939389
10.9,0.488,0.0,0.08343939393939387
10.95,0.455,0.0,0.050439393939393895
11.0,0.417,0.0,0.012439393939393861
11.05,0.38,0.0,-0.024560606060606116
11.1,0.343,0.0,-0.06156060606060609
11.15,0.313,0.0,-0.09156060606060612
11.2,0.289,0.0,-0.11556060606060614
11.25,0.276,0.0,-0.1285606060606061
11.3,0.273,1.1000000000000014,-0.1315606060606061
11.35,0.282,0.0,-0.12256060606060615
11.4,0.301,0.0,-0.10356060606060613
11.45,0.328,0.0,-0.0765606060606061
11.5,0.362,0.0,-0.04256060606060613
11.55,0.399,0.0,-0.005560606060606099
11.6,0.437,0.0,0.03243939393939388
11.65,0.472,0.0,0.06743939393939385
11.7,0.502,0.0,0.09743939393939388
11.75,0.523,0.0,0.1184393939393939
11.8,0.534,0.0,0.1294393939393939
11.85,0.535,1.0999999999999979,0.1304393939393939
11.9,0.524,0.0,0.1194393939393939
11.95,0.503,0.0,0.09843939393939388
12.0,0.474,0.0,0.06943939393939386
12.05,0.44,0.0,0.03543939393939388
12.1,0.402,0.0,-0.0025606060606060965
12.15,0.365,0.0,-0.03956060606060613
12.2,0.331,0.0,-0.0735606060606061
12.25,0.303,0.0,-0.10156060606060613
12.3,0.283,0.0,-0.12156060606060615
12.35,0.274,1.0,-0.1305606060606061
12.4,0.276,0.0,-0.1285606060606061
12.45,0.289,0.0,-0.11556060606060614
12.5,0.312,0.0,-0.09256060606060612
12.55,0.342,0.0,-0.0625606060606061
12.6,0.377,0.0,-0.02756060606060612
12.65,0.415,0.0,0.01043939393939386
12.7,0.451,0.0,0.04643939393939389
12.75,0.485,0.0,0.08043939393939387
12.8,0.511,0.0,0.10643939393939389
12.85,0.528,0.0,0.1234393939393939
12.9,0.535,1.1000000000000014,0.1304393939393939
12.95,0.531,0.0,0.1264393939393939
13.0,0.516,0.0,0.1114393939393939
13.05,0.492,0.0,0.08743939393939387
13.1,0.46,0.0,0.0554393939393939
13.15,0.424,0.0,0.019439393939393868
13.2,0.386,0.0,-0.01856060606060611
13.25,0.35,0.0,-0.05456060606060614
13.3,0.318,0.0,-0.08656060606060612
13.35,0.294,0.0,-0.11056060606060614
13.4,0.279,0.0,-0.1255606060606061
13.45,0.274,1.0999999999999979,-0.1305606060606061
13.5,0.28,0.0,-0.1245606060606061
13.55,0.297,0.0,-0.10756060606060613
13.6,0.324,0.0,-0.08056060606060611
13.65,0.361,0.0,-0.04356060606060613
13.7,0.394,0.0,-0.010560606060606104
13.75,0.431,0.0,0.026439393939393874
13.8,0.467,0.0,0.062439393939393906
13.85,0.497,0.0,0.09243939393939388
13.9,0.52,0.0,0.1154393939393939
13.95,0.535,0.0,0.1304393939393939
14.0,0.535,1.1000000000000014,0.1304393939393939
14.05,0.527,0.0,0.1224393939393939
14.1,0.507,0.0,0.10243939393939389
14.15,0.48,0.0,0.07543939393939386
14.2,0.446,0.0,0.04143939393939389
14.25,0.409,0.0,0.004439393939393854
14.3,0.371,0.0,-0.033560606060606124
14.35,0.336,0.0,-0.0685606060606061
14.4,0.307,0.0,-0.09756060606060613
14.45,0.287,0.0,-0.11756060606060614
14.5,0.276,0.0,-0.1285606060606061
14.55,0.276,1.1000000000000014,-0.1285606060606061
14.6,0.286,0.0,-0.11856060606060614
14.65,0.307,0.0,-0.09756060606060613
14.7,0.336,0.0,-0.0685606060606061
14.75,0.37,0.0,-0.034560606060606125
14.8,0.408,0.0,0.0034393939393938533
14.85,0.445,0.0,0.040439393939393886
14.9,0.479,0.0,0.07443939393939386
14.95,0.507,0.0,0.10243939393939389
15.0,0.526,0.0,0.1214393939393939
15.05,0.534,1.0,0.1294393939393939
15.1,0.532,0.0,0.1274393939393939
15.15,0.519,0.0,0.1144393939393939
15.2,0.497,0.0,0.09243939393939388
15.25,0.467,0.0,0.062439393939393906
15.3,0.431,0.0,0.026439393939393874
15.35,0.394,0.0,-0.010560606060606104
15.4,0.358,0.0,-0.046560606060606136
15.45,0.325,0.0,-0.07956060606060611
15.5,0.299,0.0,-0.10556060606060613
15.55,0.281,0.0,-0.12356060606060609
15.6,0.275,1.0999999999999979,-0.1295606060606061
15.65,0.279,0.0,-0.1255606060606061
15.7,0.294,0.0,-0.11056060606060614
15.75,0.318,0.0,-0.08656060606060612
15.8,0.35,0.0,-0.05456060606060614
15.85,0.386,0.0,-0.01856060606060611
15.9,0.423,0.0,0.018439393939393867
15.95,0.459,0.0,0.0544393939393939
16.0,0.491,0.0,0.08643939393939387
16.05,0.515,0.0,0.11043939393939389
16.1,0.53,0.0,0.1254393939393939
16.15,0.534,1.0999999999999979,0.1294393939393939
16.2,0.527,0.0,0.1224393939393939
16.25,0.51,0.0,0.10543939393939389
16.3,0.484,0.0,0.07943939393939387
16.35,0.452,0.0,0.04743939393939389
16.4,0.415,0.0,0.01043939393939386
16.45,0.378,0.0,-0.026560606060606118
16.5,0.343,0.0,-0.06156060606060609
16.55,0.313,0.0,-0.09156060606060612
16.6,0.291,0.0,-0.11356060606060614
16.65,0.278,0.0,-0.1265606060606061
16.7,0.276,1.1000000000000014,-0.1285606060606061
16.75,0.285,0.0,-0.11956060606060614
16.8,0.304,0.0,-0.10056060606060613
16.85,0.331,0.0,-0.0735606060606061
16.9,0.365,0.0,-0.03956060606060613
16.95,0.402,0.0,-0.0025606060606060965
17.0,0.439,0.0,0.03443939393939388
17.05,0.473,0.0,0.06843939393939386
17.1,0.501,0.0,0.09643939393939388
17.15,0.522,0.0,0.1174393939393939
17.2,0.533,1.0,0.1284393939393939
17.25,0.532,0.0,0.1274393939393939
17.3,0.521,0.0,0.1164393939393939
17.35,0.5,0.0,0.09543939393939388
17.4,0.471,0.0,0.06643939393939385
17.45,0.437,0.0,0.03243939393939388
17.5,0.4,0.0,-0.004560606060606098
17.55,0.363,0.0,-0.04156060606060613
17.6,0.33,0.0,-0.0745606060606061
17.65,0.303,0.0,-0.10156060606060613
17.7,0.284,0.0,-0.12056060606060615
17.75,0.276,1.1000000000000014,-0.1285606060606061
17.8,0.278,0.0,-0.1265606060606061
17.85,0.291,0.0,-0.11356060606060614
17.9,0.314,0.0,-0.09056060606060612
17.95,0.344,0.0,-0.06056060606060615
18.0,0.379,0.0,-0.025560606060606117
18.05,0.416,0.0,0.01143939393939386
18.1,0.453,0.0,0.04843939393939389
18.15,0.485,0.0,0.08043939393939387
18.2,0.511,0.0,0.10643939393939389
18.25,0.527,0.0,0.1224393939393939
18.3,0.534,1.1000000000000014,0.1294393939393939
18.35,0.529,0.0,0.1244393939393939
18.4,0.514,0.0,0.10943939393939389
18.45,0.49,0.0,0.08543939393939387
18.5,0.458,0.0,0.0534393939393939
18.55,0.422,0.0,0.017439393939393866
18.6,0.386,0.0,-0.01856060606060611
18.65,0.35,0.0,-0.05456060606060614
18.7,0.318,0.0,-0.08656060606060612
18.75,0.294,0.0,-0.11056060606060614
18.8,0.28,0.0,-0.1245606060606061
18.85,0.276,1.1000000000000014,-0.1285606060606061
18.9,0.283,0.0,-0.12156060606060615
18.95,0.3,0.0,-0.10456060606060613
19.0,0.325,0.0,-0.07956060606060611
19.05,0.358,0.0,-0.046560606060606136
19.1,0.394,0.0,-0.010560606060606104
19.15,0.432,0.0,0.027439393939393875
19.2,0.466,0.0,0.061439393939393905
19.25,0.496,0.0,0.09143939393939388
19.3,0.518,0.0,0.1134393939393939
19.35,0.53,0.0,0.1254393939393939
19.4,0.532,1.0999999999999943,0.1274393939393939
19.45,0.523,0.0,0.1184393939393939
19.5,0.504,0.0,0.09943939393939388
19.55,0.477,0.0,0.07243939393939386
19.6,0.443,0.0,0.038439393939393884
19.65,0.407,0.0,0.0024393939393938524
19.7,0.37,0.0,-0.034560606060606125
19.75,0.337,0.0,-0.0675606060606061
19.8,0.308,0.0,-0.09656060606060612
19.85,0.288,0.0,-0.11656060606060614
19.9,0.278,0.0,-0.1265606060606061
19.95,0.278,1.1000000000000014,-0.1265606060606061
20.0,0.29,0.0,-0.11456060606060614
20.05,0.31,0.0,-0.09456060606060612
20.1,0.339,0.0,-0.0655606060606061
20.15,0.373,0.0,-0.03156060606060612
20.2,0.41,0.0,0.005439393939393855
20.25,0.446,0.0,0.04143939393939389
20.3,0.479,0.0,0.07443939393939386
20.35,0.506,0.0,0.10143939393939388
20.4,0.524,0.0,0.1194393939393939
20.45,0.532,1.0,0.1274393939393939
20.5,0.529,0.0,0.1244393939393939
20.55,0.516,0.0,0.1114393939393939
20.6,0.493,0.0,0.08843939393939387
20.65,0.463,0.0,0.0584393939393939
20.7,0.429,0.0,0.024439393939393872
20.75,0.392,0.0,-0.012560606060606105
20.8,0.356,0.0,-0.04856060606060614
20.85,0.324,0.0,-0.08056060606060611
20.9,0.299,0.0,-0.10556060606060613
20.95,0.283,0.0,-0.12156060606060615
21.0,0.277,1.1000000000000014,-0.1275606060606061
21.05,0.281,0.0,-0.12356060606060609
21.1,0.297,0.0,-0.10756060606060613
21.15,0.321,0.0,-0.08356060606060611
21.2,0.353,0.0,-0.05156060606060614
21.25,0.388,0.0,-0.01656060606060611
21.3,0.425,0.0,0.02043939393939387
21.35,0.46,0.0,0.0554393939393939
21.4,0.491,0.0,0.08643939393939387
21.45,0.514,0.0,0.10943939393939389
21.5,0.529,0.0,0.1244393939393939
21.55,0.533,1.1000000000000014,0.1284393939393939
21.6,0.525,0.0,0.1204393939393939
21.65,0.508,0.0,0.10343939393939389
21.7,0.482,0.0,0.07743939393939386
21.75,0.45,0.0,0.04543939393939389
21.8,0.414,0.0,0.009439393939393859
21.85,0.377,0.0,-0.02756060606060612
21.9,0.342,0.0,-0.0625606060606061
21.95,0.313,0.0,-0.09156060606060612
22.0,0.291,0.0,-0.11356060606060614
22.05,0.279,0.0,-0.1255606060606061
22.1,0.278,1.1000000000000014,-0.1265606060606061
22.15,0.287,0.0,-0.11756060606060614
22.2,0.306,0.0,-0.09856060606060613
22.25,0.333,0.0,-0.0715606060606061
22.3,0.367,0.0,-0.03756060606060613
22.35,0.403,0.0,-0.0015606060606060956
22.4,0.439,0.0,0.03443939393939388
22.45,0.473,0.0,0.06843939393939386
22.5,0.501,0.0,0.09643939393939388
22.55,0.521,0.0,0.1164393939393939
22.6,0.53,0.0,0.1254393939393939
22.65,0.53,1.0999999999999943,0.1254393939393939
22.7,0.519,0.0,0.1144393939393939
22.75,0.498,0.0,0.09343939393939388
22.8,0.469,0.0,0.06443939393939385
22.85,0.435,0.0,0.030439393939393877
22.9,0.399,0.0,-0.005560606060606099
22.95,0.363,0.0,-0.04156060606060613
23.0,0.33,0.0,-0.0745606060606061
23.05,0.304,0.0,-0.10056060606060613
23.1,0.286,0.0,-0.11856060606060614
23.15,0.278,1.0,-0.1265606060606061
23.2,0.281,0.0,-0.12356060606060609
23.25,0.294,0.0,-0.11056060606060614
23.3,0.317,0.0,-0.08756060606060612
23.35,0.347,0.0,-0.057560606060606145
23.4,0.381,0.0,-0.023560606060606115
23.45,0.418,0.0,0.013439393939393862
23.5,0.454,0.0,0.049439393939393894
23.55,0.485,0.0,0.08043939393939387
23.6,0.51,0.0,0.10543939393939389
23.65,0.525,0.0,0.1204393939393939
23.7,0.531,1.1000000000000014,0.1264393939393939
23.75,0.526,0.0,0.1214393939393939
23.8,0.511,0.0,0.10643939393939389
23.85,0.487,0.0,0.08243939393939387
23.9,0.455,0.0,0.050439393939393895
23.95,0.42,0.0,0.015439393939393864
24.0,0.383,0.0,-0.021560606060606113
24.05,0.349,0.0,-0.055560606060606144
24.1,0.318,0.0,-0.08656060606060612
24.15,0.295,0.0,-0.10956060606060614
24.2,0.281,0.0,-0.12356060606060609
24.25,0.278,1.1000000000000014,-0.1265606060606061
24.3,0.286,0.0,-0.11856060606060614
24.35,0.303,0.0,-0.10156060606060613
24.4,0.329,0.0,-0.0755606060606061
24.45,0.361,0.0,-0.04356060606060613
24.5,0.397,0.0,-0.007560606060606101
24.55,0.433,0.0,0.028439393939393875
24.6,0.467,0.0,0.062439393939393906
24.65,0.496,0.0,0.09143939393939388
24.7,0.517,0.0,0.1124393939393939
24.75,0.529,0.0,0.1244393939393939
24.8,0.53,1.1000000000000014,0.1254393939393939
24.85,0.52,0.0,0.1154393939393939
24.9,0.502,0.0,0.09743939393939388
24.95,0.474,0.0,0.06943939393939386
25.0,0.441,0.0,0.03643939393939388
25.05,0.405,0.0,0.00043939393939390614
25.1,0.368,0.0,-0.03656060606060613
25.15,0.335,0.0,-0.0695606060606061
25.2,0.308,0.0,-0.09656060606060612
25.25,0.289,0.0,-0.11556060606060614
25.3,0.279,1.0,-0.1255606060606061
25.35,0.28,0.0,-0.1245606060606061
25.4,0.292,0.0,-0.11256060606060614
25.45,0.313,0.0,-0.09156060606060612
25.5,0.341,0.0,-0.0635606060606061
25.55,0.375,0.0,-0.02956060606060612
25.6,0.411,0.0,0.006439393939393856
25.65,0.447,0.0,0.04243939393939389
25.7,0.479,0.0,0.07443939393939386
25.75,0.505,0.0,0.10043939393939388
25.8,0.523,0.0,0.1184393939393939
25.85,0.53,1.1000000000000014,0.1254393939393939
25.9,0.527,0.0,0.1224393939393939
25.95,0.514,0.0,0.10943939393939389
26.0,0.491,0.0,0.08643939393939387
26.05,0.461,0.0,0.0564393939393939
26.1,0.427,0.0,0.02243939393939387
26.15,0.391,0.0,-0.013560606060606106
26.2,0.355,0.0,-0.04956060606060614
26.25,0.324,0.0,-0.08056060606060611
26.3,0.3,0.0,-0.10456060606060613
26.35,0.284,0.0,-0.12056060606060615
26.4,0.279,1.0999999999999943,-0.1255606060606061
26.45,0.284,0.0,-0.12056060606060615
26.5,0.299,0.0,-0.10556060606060613
26.55,0.323,0.0,-0.08156060606060611
26.6,0.354,0.0,-0.05056060606060614
26.65,0.39,0.0,-0.014560606060606107
26.7,0.426,0.0,0.02143939393939387
26.75,0.461,0.0,0.0564393939393939
26.8,0.49,0.0,0.08543939393939387
26.85,0.513,0.0,0.10843939393939389
26.9,0.526,0.0,0.1214393939393939
26.95,0.529,1.1000000000000014,0.1244393939393939
27.0,0.522,0.0,0.1174393939393939
27.05,0.505,0.0,0.10043939393939388
27.1,0.479,0.0,0.07443939393939386
27.15,0.447,0.0,0.04243939393939389
27.2,0.411,0.0,0.006439393939393856
27.25,0.375,0.0,-0.02956060606060612
27.3,0.341,0.0,-0.0635606060606061
27.35,0.313,0.0,-0.09156060606060612
27.4,0.292,0.0,-0.11256060606060614
27.45,0.281,0.0,-0.12356060606060609
27.5,0.28,1.1000000000000014,-0.1245606060606061
27.55,0.29,0.0,-0.11456060606060614
27.6,0.309,0.0,-0.09556060606060612
27.65,0.337,0.0,-0.0675606060606061
27.7,0.37,0.0,-0.034560606060606125
27.75,0.405,0.0,0.00043939393939390614
27.8,0.441,0.0,0.03643939393939388
27.85,0.473,0.0,0.06843939393939386
27.9,0.501,0.0,0.09643939393939388
27.95,0.519,0.0,0.1144393939393939
28.0,0.529,1.0,0.1244393939393939
28.05,0.527,0.0,0.1224393939393939
28.1,0.516,0.0,0.1114393939393939
28.15,0.494,0.0,0.08943939393939387
28.2,0.466,0.0,0.061439393939393905
28.25,0.432,0.0,0.027439393939393875
28.3,0.396,0.0,-0.008560606060606102
28.35,0.361,0.0,-0.04356060606060613
28.4,0.329,0.0,-0.0755606060606061
28.45,0.304,0.0,-0.10056060606060613
28.5,0.287,0.0,-0.11756060606060614
28.55,0.28,1.1000000000000014,-0.1245606060606061
28.6,0.283,0.0,-0.12156060606060615
28.65,0.297,0.0,-0.10756060606060613
28.7,0.319,0.0,-0.08556060606060611
28.75,0.349,0.0,-0.055560606060606144
28.8,0.384,0.0,-0.020560606060606113
28.85,0.42,0.0,0.015439393939393864
28.9,0.455,0.0,0.050439393939393895
28.95,0.485,0.0,0.08043939393939387
29.0,0.509,0.0,0.10443939393939389
29.05,0.524,0.0,0.1194393939393939
29.1,0.53,1.1000000000000014,0.1254393939393939
29.15,0.524,0.0,0.1194393939393939
29.2,0.508,0.0,0.10343939393939389
29.25,0.484,0.0,0.07943939393939387
29.3,0.453,0.0,0.04843939393939389
29.35,0.418,0.0,0.013439393939393862
29.4,0.382,0.0,-0.022560606060606114
29.45,0.348,0.0,-0.056560606060606144
29.5,0.318,0.0,-0.08656060606060612
29.55,0.296,0.0,-0.10856060606060614
29.6,0.283,0.0,-0.12156060606060615
29.65,0.28,1.0999999999999943,-0.1245606060606061
29.7,0.288,0.0,-0.11656060606060614
29.75,0.305,0.0,-0.09956060606060613
29.8,0.331,0.0,-0.0735606060606061
29.85,0.363,0.0,-0.04156060606060613
29.9,0.398,0.0,-0.0065606060606061
29.95,0.434,0.0,0.029439393939393876
30.0,0.467,0.0,0.062439393939393906
30.05,0.495,0.0,0.09043939393939388
30.1,0.516,0.0,0.1114393939393939
30.15,0.527,0.0,0.1224393939393939
30.2,0.527,1.1000000000000014,0.1224393939393939
30.25,0.518,0.0,0.1134393939393939
30.3,0.499,0.0,0.09443939393939388
30.35,0.471,0.0,0.06643939393939385
30.4,0.439,0.0,0.03443939393939388
30.45,0.403,0.0,-0.0015606060606060956
30.5,0.368,0.0,-0.03656060606060613
30.55,0.336,0.0,-0.0685606060606061
30.6,0.309,0.0,-0.09556060606060612
30.65,0.29,0.0,-0.11456060606060614
30.7,0.281,1.0,-0.12356060606060609
30.75,0.283,0.0,-0.12156060606060615
30.8,0.295,0.0,-0.10956060606060614
30.85,0.316,0.0,-0.08856060606060612
30.9,0.344,0.0,-0.06056060606060615
30.95,0.378,0.0,-0.026560606060606118
31.0,0.413,0.0,0.008439393939393858
31.05,0.448,0.0,0.04343939393939389
31.1,0.479,0.0,0.07443939393939386
31.15,0.505,0.0,0.10043939393939388
31.2,0.521,0.0,0.1164393939393939
31.25,0.528,1.1000000000000014,0.1234393939393939
31.3,0.524,0.0,0.1194393939393939
31.35,0.511,0.0,0.10643939393939389
31.4,0.488,0.0,0.08343939393939387
31.45,0.458,0.0,0.0534393939393939
31.5,0.424,0.0,0.019439393939393868
31.55,0.388,0.0,-0.01656060606060611
31.6,0.354,0.0,-0.05056060606060614
31.65,0.323,0.0,-0.08156060606060611
31.7,0.3,0.0,-0.10456060606060613
31.75,0.285,0.0,-0.11956060606060614
31.8,0.281,1.1000000000000014,-0.12356060606060609
31.85,0.286,0.0,-0.11856060606060614
31.9,0.302,0.0,-0.10256060606060613
31.95,0.327,0.0,-0.07756060606060611
32.0,0.358,0.0,-0.046560606060606136
32.05,0.393,0.0,-0.011560606060606105
32.1,0.428,0.0,0.02343939393939387
32.15,0.462,0.0,0.0574393939393939
32.2,0.491,0.0,0.08643939393939387
32.25,0.513,0.0,0.10843939393939389
32.3,0.526,0.0,0.1214393939393939
32.35,0.528,1.1000000000000014,0.1234393939393939
32.4,0.52,0.0,0.1154393939393939
32.45,0.502,0.0,0.09743939393939388
32.5,0.476,0.0,0.07143939393939386
32.55,0.445,0.0,0.040439393939393886
32.6,0.409,0.0,0.004439393939393854
32.65,0.374,0.0,-0.03056060606060612
32.7,0.341,0.0,-0.0635606060606061
32.75,0.313,0.0,-0.09156060606060612
32.8,0.293,0.0,-0.11156060606060614
32.85,0.282,0.0,-0.12256060606060615
32.9,0.282,1.0999999999999943,-0.12256060606060615
32.95,0.292,0.0,-0.11256060606060614
33.0,0.311,0.0,-0.09356060606060612
33.05,0.338,0.0,-0.0665606060606061
33.1,0.371,0.0,-0.033560606060606124
33.15,0.406,0.0,0.001439393939393907
33.2,0.442,0.0,0.037439393939393883
33.25,0.474,0.0,0.06943939393939386
33.3,0.5,0.0,0.09543939393939388
33.35,0.518,0.0,0.1134393939393939
33.4,0.527,1.0,0.1224393939393939
33.45,0.525,0.0,0.1204393939393939
33.5,0.514,0.0,0.10943939393939389
33.55,0.493,0.0,0.08843939393939387
33.6,0.464,0.0,0.0594393939393939
33.65,0.43,0.0,0.025439393939393873
33.7,0.395,0.0,-0.009560606060606103
33.75,0.361,0.0,-0.04356060606060613
33.8,0.329,0.0,-0.0755606060606061
33.85,0.305,0.0,-0.09956060606060613
33.9,0.288,0.0,-0.11656060606060614
33.95,0.282,1.1000000000000085,-0.12256060606060615
34.0,0.285,0.0,-0.11956060606060614
34.05,0.299,0.0,-0.10556060606060613
34.1,0.322,0.0,-0.08256060606060611
34.15,0.351,0.0,-0.05356060606060614
34.2,0.386,0.0,-0.01856060606060611
34.25,0.421,0.0,0.016439393939393865
34.3,0.455,0.0,0.050439393939393895
34.35,0.485,0.0,0.08043939393939387
34.4,0.508,0.0,0.10343939393939389
34.45,0.523,0.0,0.1184393939393939
34.5,0.527,1.0999999999999943,0.1224393939393939
34.55,0.521,0.0,0.1164393939393939
34.6,0.505,0.0,0.10043939393939388
34.65,0.481,0.0,0.07643939393939386
34.7,0.45,0.0,0.04543939393939389
34.75,0.416,0.0,0.01143939393939386
34.8,0.38,0.0,-0.024560606060606116
34.85,0.347,0.0,-0.057560606060606145
34.9,0.318,0.0,-0.08656060606060612
34.95,0.297,0.0,-0.10756060606060613
35.0,0.284,0.0,-0.12056060606060615
35.05,0.282,1.0999999999999943,-0.12256060606060615
35.1,0.291,0.0,-0.11356060606060614
35.15,0.308,0.0,-0.09656060606060612
35.2,0.334,0.0,-0.0705606060606061
35.25,0.366,0.0,-0.03856060606060613
35.3,0.401,0.0,-0.0035606060606060974
35.35,0.436,0.0,0.03143939393939388
35.4,0.469,0.0,0.06443939393939385
35.45,0.496,0.0,0.09143939393939388
35.5,0.516,0.0,0.1114393939393939
35.55,0.526,0.0,0.1214393939393939
35.6,0.526,1.1000000000000085,0.1214393939393939
35.65,0.515,0.0,0.11043939393939389
35.7,0.496,0.0,0.09143939393939388
35.75,0.469,0.0,0.06443939393939385
35.8,0.436,0.0,0.03143939393939388
35.85,0.401,0.0,-0.0035606060606060974
35.9,0.366,0.0,-0.03856060606060613
35.95,0.334,0.0,-0.0705606060606061
36.0,0.309,0.0,-0.09556060606060612
36.05,0.291,0.0,-0.11356060606060614
36.1,0.283,1.0,-0.12156060606060615
36.15,0.285,0.0,-0.11956060606060614
36.2,0.297,0.0,-0.10756060606060613
36.25,0.318,0.0,-0.08656060606060612
36.3,0.346,0.0,-0.058560606060606146
36.35,0.38,0.0,-0.024560606060606116
36.4,0.415,0.0,0.01043939393939386
36.45,0.449,0.0,0.04443939393939389
36.5,0.48,0.0,0.07543939393939386
36.55,0.505,0.0,0.10043939393939388
36.6,0.52,0.0,0.1154393939393939
36.65,0.527,1.0999999999999943,0.1224393939393939
36.7,0.523,0.0,0.1184393939393939
36.75,0.509,0.0,0.10443939393939389
36.8,0.486,0.0,0.08143939393939387
36.85,0.456,0.0,0.051439393939393896
36.9,0.422,0.0,0.017439393939393866
36.95,0.387,0.0,-0.01756060606060611
37.0,0.353,0.0,-0.05156060606060614
37.05,0.324,0.0,-0.08056060606060611
37.1,0.301,0.0,-0.10356060606060613
37.15,0.287,0.0,-0.11756060606060614
37.2,0.282,1.1000000000000085,-0.12256060606060615
37.25,0.289,0.0,-0.11556060606060614
37.3,0.305,0.0,-0.09956060606060613
37.35,0.329,0.0,-0.0755606060606061
37.4,0.359,0.0,-0.045560606060606135
37.45,0.394,0.0,-0.010560606060606104
37.5,0.429,0.0,0.024439393939393872
37.55,0.462,0.0,0.0574393939393939
37.6,0.49,0.0,0.08543939393939387
37.65,0.512,0.0,0.10743939393939389
37.7,0.524,0.0,0.1194393939393939
37.75,0.526,1.0999999999999943,0.1214393939393939
37.8,0.517,0.0,0.1124393939393939
37.85,0.5,0.0,0.09543939393939388
37.9,0.474,0.0,0.06943939393939386
37.95,0.442,0.0,0.037439393939393883
38.0,0.407,0.0,0.0024393939393938524
38.05,0.373,0.0,-0.03156060606060612
38.1,0.34,0.0,-0.0645606060606061
38.15,0.314,0.0,-0.09056060606060612
38.2,0.294,0.0,-0.11056060606060614
38.25,0.284,1.0,-0.12056060606060615
38.3,0.285,0.0,-0.11956060606060614
38.35,0.295,0.0,-0.10956060606060614
38.4,0.315,0.0,-0.08956060606060612
38.45,0.342,0.0,-0.0625606060606061
38.5,0.374,0.0,-0.03056060606060612
38.55,0.409,0.0,0.004439393939393854
38.6,0.443,0.0,0.038439393939393884
38.65,0.474,0.0,0.06943939393939386
38.7,0.5,0.0,0.09543939393939388
38.75,0.517,0.0,0.1124393939393939
38.8,0.525,1.0999999999999943,0.1204393939393939
38.85,0.523,0.0,0.1184393939393939
38.9,0.511,0.0,0.10643939393939389
38.95,0.489,0.0,0.08443939393939387
39.0,0.461,0.0,0.0564393939393939
39.05,0.428,0.0,0.02343939393939387
39.1,0.393,0.0,-0.011560606060606105
39.15,0.359,0.0,-0.045560606060606135
39.2,0.328,0.0,-0.0765606060606061
39.25,0.305,0.0,-0.09956060606060613
39.3,0.289,0.0,-0.11556060606060614
39.35,0.283,1.1000000000000085,-0.12156060606060615
39.4,0.288,0.0,-0.11656060606060614
39.45,0.302,0.0,-0.10256060606060613
39.5,0.325,0.0,-0.07956060606060611
39.55,0.354,0.0,-0.05056060606060614
39.6,0.389,0.0,-0.015560606060606108
39.65,0.423,0.0,0.018439393939393867
39.7,0.457,0.0,0.0524393939393939
39.75,0.486,0.0,0.08143939393939387
39.8,0.508,0.0,0.10343939393939389
39.85,0.522,0.0,0.1174393939393939
39.9,0.526,1.0999999999999943,0.1214393939393939
39.95,0.52,0.0,0.1154393939393939
40.0,0.503,0.0,0.09843939393939388
40.05,0.478,0.0,0.07343939393939386
40.1,0.448,0.0,0.04343939393939389
40.15,0.414,0.0,0.009439393939393859
40.2,0.379,0.0,-0.025560606060606117
40.25,0.346,0.0,-0.058560606060606146
40.3,0.318,0.0,-0.08656060606060612
40.35,0.297,0.0,-0.10756060606060613
40.4,0.286,0.0,-0.11856060606060614
40.45,0.284,1.1000000000000085,-0.12056060606060615
40.5,0.293,0.0,-0.11156060606060614
40.55,0.311,0.0,-0.09356060606060612
40.6,0.336,0.0,-0.0685606060606061
40.65,0.368,0.0,-0.03656060606060613
40.7,0.402,0.0,-0.0025606060606060965
40.75,0.437,0.0,0.03243939393939388
40.8,0.469,0.0,0.06443939393939385
40.85,0.495,0.0,0.09043939393939388
40.9,0.514,0.0,0.10943939393939389
40.95,0.524,0.0,0.1194393939393939
41.0,0.524,1.0999999999999943,0.1194393939393939
41.05,0.513,0.0,0.10843939393939389
41.1,0.494,0.0,0.08943939393939387
41.15,0.466,0.0,0.061439393939393905
41.2,0.434,0.0,0.029439393939393876
41.25,0.4,0.0,-0.004560606060606098
41.3,0.365,0.0,-0.03956060606060613
41.35,0.335,0.0,-0.0695606060606061
41.4,0.309,0.0,-0.09556060606060612
41.45,0.292,0.0,-0.11256060606060614
41.5,0.285,1.0,-0.11956060606060614
41.55,0.287,0.0,-0.11756060606060614
41.6,0.3,0.0,-0.10456060606060613
41.65,0.321,0.0,-0.08356060606060611
41.7,0.349,0.0,-0.055560606060606144
41.75,0.382,0.0,-0.022560606060606114
41.8,0.416,0.0,0.01143939393939386
41.85,0.45,0.0,0.04543939393939389
41.9,0.48,0.0,0.07543939393939386
41.95,0.504,0.0,0.09943939393939388
42.0,0.519,0.0,0.1144393939393939
42.05,0.524,1.0999999999999943,0.1194393939393939
42.1,0.52,0.0,0.1154393939393939
42.15,0.505,0.0,0.10043939393939388
42.2,0.483,0.0,0.07843939393939386
42.25,0.453,0.0,0.04843939393939389
42.3,0.42,0.0,0.015439393939393864
42.35,0.385,0.0,-0.01956060606060611
42.4,0.352,0.0,-0.05256060606060614
42.45,0.323,0.0,-0.08156060606060611
42.5,0.301,0.0,-0.10356060606060613
42.55,0.288,0.0,-0.11656060606060614
42.6,0.285,1.1000000000000085,-0.11956060606060614
42.65,0.291,0.0,-0.11356060606060614
42.7,0.308,0.0,-0.09656060606060612
42.75,0.332,0.0,-0.0725606060606061
42.8,0.363,0.0,-0.04156060606060613
42.85,0.397,0.0,-0.007560606060606101
42.9,0.431,0.0,0.026439393939393874
42.95,0.464,0.0,0.0594393939393939
43.0,0.491,0.0,0.08643939393939387
43.05,0.511,0.0,0.10643939393939389
43.1,0.523,0.0,0.1184393939393939
43.15,0.524,1.0999999999999943,0.1194393939393939
43.2,0.515,0.0,0.11043939393939389
43.25,0.497,0.0,0.09243939393939388
43.3,0.471,0.0,0.06643939393939385
43.35,0.44,0.0,0.03543939393939388
43.4,0.405,0.0,0.00043939393939390614
43.45,0.371,0.0,-0.033560606060606124
43.5,0.339,0.0,-0.0655606060606061
43.55,0.313,0.0,-0.09156060606060612
43.6,0.295,0.0,-0.10956060606060614
43.65,0.286,0.0,-0.11856060606060614
43.7,0.286,1.1000000000000085,-0.11856060606060614
43.75,0.297,0.0,-0.10756060606060613
43.8,0.317,0.0,-0.08756060606060612
43.85,0.344,0.0,-0.06056060606060615
43.9,0.376,0.0,-0.02856060606060612
43.95,0.41,0.0,0.005439393939393855
44.0,0.444,0.0,0.039439393939393885
44.05,0.475,0.0,0.07043939393939386
44.1,0.5,0.0,0.09543939393939388
44.15,0.516,0.0,0.1114393939393939
44.2,0.524,1.0,0.1194393939393939
44.25,0.521,0.0,0.1164393939393939
44.3,0.508,0.0,0.10343939393939389
44.35,0.487,0.0,0.08243939393939387
44.4,0.459,0.0,0.0544393939393939
44.45,0.426,0.0,0.02143939393939387
44.5,0.392,0.0,-0.012560606060606105
44.55,0.358,0.0,-0.046560606060606136
44.6,0.329,0.0,-0.0755606060606061
44.65,0.305,0.0,-0.09956060606060613
44.7,0.29,0.0,-0.11456060606060614
44.75,0.285,1.0999999999999943,-0.11956060606060614
44.8,0.29,0.0,-0.11456060606060614
44.85,0.304,0.0,-0.10056060606060613
44.9,0.327,0.0,-0.07756060606060611
44.95,0.357,0.0,-0.047560606060606136
45.0,0.39,0.0,-0.014560606060606107
45.05,0.424,0.0,0.019439393939393868
45.1,0.457,0.0,0.0524393939393939
45.15,0.486,0.0,0.08143939393939387
45.2,0.507,0.0,0.10243939393939389
45.25,0.52,0.0,0.1154393939393939
45.3,0.523,1.0999999999999943,0.1184393939393939
45.35,0.516,0.0,0.1114393939393939
45.4,0.5,0.0,0.09543939393939388
45.45,0.476,0.0,0.07143939393939386
45.5,0.445,0.0,0.040439393939393886
45.55,0.412,0.0,0.007439393939393857
45.6,0.377,0.0,-0.02756060606060612
45.65,0.345,0.0,-0.05956060606060615
45.7,0.318,0.0,-0.08656060606060612
45.75,0.298,0.0,-0.10656060606060613
45.8,0.287,0.0,-0.11756060606060614
45.85,0.287,1.1000000000000085,-0.11756060606060614
45.9,0.296,0.0,-0.10856060606060614
45.95,0.314,0.0,-0.09056060606060612
46.0,0.339,0.0,-0.0655606060606061
46.05,0.371,0.0,-0.033560606060606124
46.1,0.404,0.0,-0.0005606060606060947
46.15,0.438,0.0,0.03343939393939388
46.2,0.47,0.0,0.06543939393939385
46.25,0.495,0.0,0.09043939393939388
46.3,0.513,0.0,0.10843939393939389
46.35,0.522,1.0,0.1174393939393939
46.4,0.521,0.0,0.1164393939393939
46.45,0.51,0.0,0.10543939393939389
46.5,0.49,0.0,0.08543939393939387
46.55,0.463,0.0,0.0584393939393939
46.6,0.431,0.0,0.026439393939393874
46.65,0.397,0.0,-0.007560606060606101
46.7,0.364,0.0,-0.04056060606060613
46.75,0.333,0.0,-0.0715606060606061
46.8,0.309,0.0,-0.09556060606060612
46.85,0.293,0.0,-0.11156060606060614
46.9,0.286,1.0999999999999943,-0.11856060606060614
46.95,0.289,0.0,-0.11556060606060614
47.0,0.302,0.0,-0.10256060606060613
47.05,0.323,0.0,-0.08156060606060611
47.1,0.351,0.0,-0.05356060606060614
47.15,0.384,0.0,-0.020560606060606113
47.2,0.418,0.0,0.013439393939393862
47.25,0.451,0.0,0.04643939393939389
47.3,0.481,0.0,0.07643939393939386
47.35,0.504,0.0,0.09943939393939388
47.4,0.518,0.0,0.1134393939393939
47.45,0.523,1.1000000000000085,0.1184393939393939
47.5,0.518,0.0,0.1134393939393939
47.55,0.503,0.0,0.09843939393939388
47.6,0.48,0.0,0.07543939393939386
47.65,0.451,0.0,0.04643939393939389
47.7,0.418,0.0,0.013439393939393862
47.75,0.384,0.0,-0.020560606060606113
47.8,0.351,0.0,-0.05356060606060614
47.85,0.323,0.0,-0.08156060606060611
47.9,0.302,0.0,-0.10256060606060613
47.95,0.289,0.0,-0.11556060606060614
48.0,0.286,1.0999999999999943,-0.11856060606060614
48.05,0.293,0.0,-0.11156060606060614
48.1,0.31,0.0,-0.09456060606060612
48.15,0.334,0.0,-0.0705606060606061
48.2,0.364,0.0,-0.04056060606060613
48.25,0.398,0.0,-0.0065606060606061
48.3,0.432,0.0,0.027439393939393875
48.35,0.464,0.0,0.0594393939393939
48.4,0.491,0.0,0.08643939393939387
48.45,0.51,0.0,0.10543939393939389
48.5,0.52,0.0,0.1154393939393939
48.55,0.521,1.0999999999999943,0.1164393939393939
48.6,0.512,0.0,0.10743939393939389
48.65,0.494,0.0,0.08943939393939387
48.7,0.468,0.0,0.0634393939393939
48.75,0.437,0.0,0.03243939393939388
48.8,0.403,0.0,-0.0015606060606060956
48.85,0.37,0.0,-0.034560606060606125
48.9,0.339,0.0,-0.0655606060606061
48.95,0.314,0.0,-0.09056060606060612
49.0,0.296,0.0,-0.10856060606060614
49.05,0.287,1.0,-0.11756060606060614
49.1,0.289,0.0,-0.11556060606060614
49.15,0.3,0.0,-0.10456060606060613
49.2,0.32,0.0,-0.08456060606060611
49.25,0.347,0.0,-0.057560606060606145
49.3,0.379,0.0,-0.025560606060606117
49.35,0.412,0.0,0.007439393939393857
49.4,0.445,0.0,0.040439393939393886
49.45,0.475,0.0,0.07043939393939386
49.5,0.499,0.0,0.09443939393939388
49.55,0.515,0.0,0.11043939393939389
49.6,0.522,1.1000000000000085,0.1174393939393939
49.65,0.518,0.0,0.1134393939393939
49.7,0.505,0.0,0.10043939393939388
49.75,0.484,0.0,0.07943939393939387
49.8,0.456,0.0,0.051439393939393896
49.85,0.423,0.0,0.018439393939393867
49.9,0.389,0.0,-0.015560606060606108
49.95,0.356,0.0,-0.04856060606060614
50.0,0.328,0.0,-0.0765606060606061
50.05,0.305,0.0,-0.09956060606060613
50.1,0.291,0.0,-0.11356060606060614
50.15,0.287,1.0999999999999943,-0.11756060606060614
50.2,0.292,0.0,-0.11256060606060614
50.25,0.307,0.0,-0.09756060606060613
50.3,0.33,0.0,-0.0745606060606061
50.35,0.36,0.0,-0.044560606060606134
50.4,0.393,0.0,-0.011560606060606105
50.45,0.426,0.0,0.02143939393939387
50.5,0.458,0.0,0.0534393939393939
50.55,0.486,0.0,0.08143939393939387
50.6,0.507,0.0,0.10243939393939389
50.65,0.52,0.0,0.1154393939393939
50.7,0.522,1.1000000000000085,0.1174393939393939
50.75,0.514,0.0,0.10943939393939389
50.8,0.497,0.0,0.09243939393939388
50.85,0.473,0.0,0.06843939393939386
50.9,0.443,0.0,0.038439393939393884
50.95,0.409,0.0,0.004439393939393854
51.0,0.375,0.0,-0.02956060606060612
51.05,0.344,0.0,-0.06056060606060615
51.1,0.318,0.0,-0.08656060606060612
51.15,0.299,0.0,-0.10556060606060613
51.2,0.288,0.0,-0.11656060606060614
51.25,0.288,1.0999999999999943,-0.11656060606060614
51.3,0.297,0.0,-0.10756060606060613
51.35,0.316,0.0,-0.08856060606060612
51.4,0.341,0.0,-0.0635606060606061
51.45,0.373,0.0,-0.03156060606060612
51.5,0.406,0.0,0.001439393939393907
51.55,0.439,0.0,0.03443939393939388
51.6,0.47,0.0,0.06543939393939385
51.65,0.495,0.0,0.09043939393939388
51.7,0.513,0.0,0.10843939393939389
51.75,0.521,1.0,0.1164393939393939
51.8,0.519,0.0,0.1144393939393939
51.85,0.508,0.0,0.10343939393939389
51.9,0.488,0.0,0.08343939393939387
51.95,0.461,0.0,0.0564393939393939
52.0,0.429,0.0,0.024439393939393872
52.05,0.395,0.0,-0.009560606060606103
52.1,0.363,0.0,-0.04156060606060613
52.15,0.333,0.0,-0.0715606060606061
52.2,0.31,0.0,-0.09456060606060612
52.25,0.294,0.0,-0.11056060606060614
52.3,0.288,1.0999999999999943,-0.11656060606060614
52.35,0.291,0.0,-0.11356060606060614
52.4,0.304,0.0,-0.10056060606060613
52.45,0.326,0.0,-0.07856060606060611
52.5,0.354,0.0,-0.05056060606060614
52.55,0.386,0.0,-0.01856060606060611
52.6,0.42,0.0,0.015439393939393864
52.65,0.452,0.0,0.04743939393939389
52.7,0.481,0.0,0.07643939393939386
52.75,0.503,0.0,0.09843939393939388
52.8,0.516,0.0,0.1114393939393939
52.85,0.521,1.1000000000000085,0.1164393939393939
52.9,0.515,0.0,0.11043939393939389
52.95,0.5,0.0,0.09543939393939388
53.0,0.477,0.0,0.07243939393939386
53.05,0.448,0.0,0.04343939393939389
53.1,0.415,0.0,0.01043939393939386
53.15,0.381,0.0,-0.023560606060606115
53.2,0.35,0.0,-0.05456060606060614
53.25,0.322,0.0,-0.08256060606060611
53.3,0.302,0.0,-0.10256060606060613
53.35,0.29,0.0,-0.11456060606060614
53.4,0.288,1.0999999999999943,-0.11656060606060614
53.45,0.296,0.0,-0.10856060606060614
53.5,0.313,0.0,-0.09156060606060612
53.55,0.338,0.0,-0.0665606060606061
53.6,0.368,0.0,-0.03656060606060613
53.65,0.4,0.0,-0.004560606060606098
53.7,0.434,0.0,0.029439393939393876
53.75,0.465,0.0,0.060439393939393904
53.8,0.491,0.0,0.08643939393939387
53.85,0.51,0.0,0.10543939393939389
53.9,0.519,0.0,0.1144393939393939
53.95,0.519,1.1000000000000085,0.1144393939393939
54.0,0.51,0.0,0.10543939393939389
54.05,0.491,0.0,0.08643939393939387
54.1,0.466,0.0,0.061439393939393905
54.15,0.435,0.0,0.030439393939393877
54.2,0.401,0.0,-0.0035606060606060974
54.25,0.368,0.0,-0.03656060606060613
54.3,0.338,0.0,-0.0665606060606061
54.35,0.314,0.0,-0.09056060606060612
54.4,0.296,0.0,-0.10856060606060614
54.45,0.289,1.0,-0.11556060606060614
54.5,0.29,0.0,-0.11456060606060614
54.55,0.302,0.0,-0.10256060606060613
54.6,0.322,0.0,-0.08256060606060611
54.65,0.349,0.0,-0.055560606060606144
54.7,0.381,0.0,-0.023560606060606115
54.75,0.414,0.0,0.009439393939393859
54.8,0.447,0.0,0.04243939393939389
54.85,0.476,0.0,0.07143939393939386
54.9,0.499,0.0,0.09443939393939388
54.95,0.514,0.0,0.10943939393939389
55.0,0.52,1.0999999999999943,0.1154393939393939
55.05,0.517,0.0,0.1124393939393939
55.1,0.503,0.0,0.09843939393939388
55.15,0.482,0.0,0.07743939393939386
55.2,0.454,0.0,0.049439393939393894
55.25,0.421,0.0,0.016439393939393865
55.3,0.388,0.0,-0.01656060606060611
55.35,0.356,0.0,-0.04856060606060614
55.4,0.328,0.0,-0.0765606060606061
55.45,0.306,0.0,-0.09856060606060613
55.5,0.292,0.0,-0.11256060606060614
55.55,0.289,1.0999999999999943,-0.11556060606060614
55.6,0.294,0.0,-0.11056060606060614
55.65,0.31,0.0,-0.09456060606060612
55.7,0.332,0.0,-0.0725606060606061
55.75,0.362,0.0,-0.04256060606060613
55.8,0.394,0.0,-0.010560606060606104
55.85,0.428,0.0,0.02343939393939387
55.9,0.459,0.0,0.0544393939393939
55.95,0.486,0.0,0.08143939393939387
56.0,0.506,0.0,0.10143939393939388
56.05,0.517,0.0,0.1124393939393939
56.1,0.519,1.1000000000000085,0.1144393939393939
56.15,0.512,0.0,0.10743939393939389
56.2,0.495,0.0,0.09043939393939388
56.25,0.47,0.0,0.06543939393939385
56.3,0.44,0.0,0.03543939393939388
56.35,0.407,0.0,0.0024393939393938524
56.4,0.374,0.0,-0.03056060606060612
56.45,0.344,0.0,-0.06056060606060615
56.5,0.318,0.0,-0.08656060606060612
56.55,0.3,0.0,-0.10456060606060613
56.6,0.291,0.0,-0.11356060606060614
56.65,0.291,1.0999999999999943,-0.11356060606060614
56.7,0.301,0.0,-0.10356060606060613
56.75,0.319,0.0,-0.08556060606060611
56.8,0.345,0.0,-0.05956060606060615
56.85,0.375,0.0,-0.02956060606060612
56.9,0.408,0.0,0.0034393939393938533
56.95,0.441,0.0,0.03643939393939388
57.0,0.471,0.0,0.06643939393939385
57.05,0.495,0.0,0.09043939393939388
57.1,0.511,0.0,0.10643939393939389
57.15,0.519,1.0,0.1144393939393939
57.2,0.517,0.0,0.1124393939393939
57.25,0.505,0.0,0.10043939393939388
57.3,0.485,0.0,0.08043939393939387
57.35,0.458,0.0,0.0534393939393939
57.4,0.427,0.0,0.02243939393939387
57.45,0.394,0.0,-0.010560606060606104
57.5,0.361,0.0,-0.04356060606060613
57.55,0.332,0.0,-0.0725606060606061
57.6,0.31,0.0,-0.09456060606060612
57.65,0.295,0.0,-0.10956060606060614
57.7,0.289,1.1000000000000085,-0.11556060606060614
57.75,0.294,0.0,-0.11056060606060614
57.8,0.307,0.0,-0.09756060606060613
57.85,0.329,0.0,-0.0755606060606061
57.9,0.357,0.0,-0.047560606060606136
57.95,0.389,0.0,-0.015560606060606108
58.0,0.422,0.0,0.017439393939393866
58.05,0.454,0.0,0.049439393939393894
58.1,0.482,0.0,0.07743939393939386
58.15,0.503,0.0,0.09843939393939388
58.2,0.516,0.0,0.1114393939393939
58.25,0.52,1.0999999999999943,0.1154393939393939
58.3,0.514,0.0,0.10943939393939389
58.35,0.498,0.0,0.09343939393939388
58.4,0.475,0.0,0.07043939393939386
58.45,0.446,0.0,0.04143939393939389
58.5,0.413,0.0,0.008439393939393858
58.55,0.38,0.0,-0.024560606060606116
58.6,0.349,0.0,-0.055560606060606144
58.65,0.322,0.0,-0.08256060606060611
58.7,0.303,0.0,-0.10156060606060613
58.75,0.292,0.0,-0.11256060606060614
58.8,0.29,1.0999999999999943,-0.11456060606060614
58.85,0.298,0.0,-0.10656060606060613
58.9,0.315,0.0,-0.08956060606060612
58.95,0.34,0.0,-0.0645606060606061
59.0,0.37,0.0,-0.034560606060606125
59.05,0.402,0.0,-0.0025606060606060965
59.1,0.435,0.0,0.030439393939393877
59.15,0.466,0.0,0.061439393939393905
59.2,0.491,0.0,0.08643939393939387
59.25,0.509,0.0,0.10443939393939389
59.3,0.518,1.0,0.1134393939393939
59.35,0.517,0.0,0.1124393939393939
59.4,0.508,0.0,0.10343939393939389
59.45,0.489,0.0,0.08443939393939387
59.5,0.463,0.0,0.0584393939393939
59.55,0.432,0.0,0.027439393939393875
59.6,0.4,0.0,-0.004560606060606098
59.65,0.368,0.0,-0.03656060606060613
59.7,0.338,0.0,-0.0665606060606061
59.75,0.314,0.0,-0.09056060606060612
59.8,0.298,0.0,-0.10656060606060613
59.85,0.291,1.1000000000000085,-0.11356060606060614
59.9,0.293,0.0,-0.11156060606060614
59.95,0.305,0.0,-0.09956060606060613
60.0,0.325,0.0,-0.07956060606060611
60.05,0.352,0.0,-0.05256060606060614
60.1,0.383,0.0,-0.021560606060606113
60.15,0.416,0.0,0.01143939393939386
60.2,0.448,0.0,0.04343939393939389
60.25,0.476,0.0,0.07143939393939386
60.3,0.499,0.0,0.09443939393939388
60.35,0.513,0.0,0.10843939393939389
60.4,0.519,1.0999999999999943,0.1144393939393939
60.45,0.514,0.0,0.10943939393939389
60.5,0.5,0.0,0.09543939393939388
60.55,0.479,0.0,0.07443939393939386
60.6,0.451,0.0,0.04643939393939389
60.65,0.419,0.0,0.014439393939393863
60.7,0.386,0.0,-0.01856060606060611
60.75,0.354,0.0,-0.05056060606060614
60.8,0.327,0.0,-0.07756060606060611
60.85,0.306,0.0,-0.09856060606060613
60.9,0.294,0.0,-0.11056060606060614
60.95,0.291,1.1000000000000085,-0.11356060606060614
61.0,0.297,0.0,-0.10756060606060613
61.05,0.313,0.0,-0.09156060606060612
61.1,0.336,0.0,-0.0685606060606061
61.15,0.365,0.0,-0.03956060606060613
61.2,0.397,0.0,-0.007560606060606101
61.25,0.43,0.0,0.025439393939393873
61.3,0.461,0.0,0.0564393939393939
61.35,0.487,0.0,0.08243939393939387
61.4,0.506,0.0,0.10143939393939388
61.45,0.516,0.0,0.1114393939393939
61.5,0.517,1.0999999999999943,0.1124393939393939
61.55,0.509,0.0,0.10443939393939389
61.6,0.492,0.0,0.08743939393939387
61.65,0.468,0.0,0.0634393939393939
61.7,0.438,0.0,0.03343939393939388
61.75,0.405,0.0,0.00043939393939390614
61.8,0.373,0.0,-0.03156060606060612
61.85,0.343,0.0,-0.06156060606060609
61.9,0.318,0.0,-0.08656060606060612
61.95,0.3,0.0,-0.10456060606060613
62.0,0.292,0.0,-0.11256060606060614
62.05,0.292,1.0999999999999943,-0.11256060606060614
62.1,0.303,0.0,-0.10156060606060613
62.15,0.321,0.0,-0.08356060606060611
62.2,0.347,0.0,-0.057560606060606145
62.25,0.378,0.0,-0.026560606060606118
62.3,0.41,0.0,0.005439393939393855
62.35,0.442,0.0,0.037439393939393883
62.4,0.472,0.0,0.06743939393939385
62.45,0.495,0.0,0.09043939393939388
62.5,0.511,0.0,0.10643939393939389
62.55,0.518,1.0,0.1134393939393939
62.6,0.515,0.0,0.11043939393939389
62.65,0.503,0.0,0.09843939393939388
62.7,0.483,0.0,0.07843939393939386
62.75,0.456,0.0,0.051439393939393896
62.8,0.425,0.0,0.02043939393939387
62.85,0.392,0.0,-0.012560606060606105
62.9,0.36,0.0,-0.044560606060606134
62.95,0.332,0.0,-0.0725606060606061
63.0,0.31,0.0,-0.09456060606060612
63.05,0.296,0.0,-0.10856060606060614
63.1,0.291,1.1000000000000085,-0.11356060606060614
63.15,0.296,0.0,-0.10856060606060614
63.2,0.309,0.0,-0.09556060606060612
63.25,0.331,0.0,-0.0735606060606061
63.3,0.359,0.0,-0.045560606060606135
63.35,0.391,0.0,-0.013560606060606106
63.4,0.424,0.0,0.019439393939393868
63.45,0.455,0.0,0.050439393939393895
63.5,0.482,0.0,0.07743939393939386
63.55,0.502,0.0,0.09743939393939388
63.6,0.514,0.0,0.10943939393939389
63.65,0.517,1.0999999999999943,0.1124393939393939
63.7,0.511,0.0,0.10643939393939389
63.75,0.495,0.0,0.09043939393939388
63.8,0.472,0.0,0.06743939393939385
63.85,0.443,0.0,0.038439393939393884
63.9,0.411,0.0,0.006439393939393856
63.95,0.378,0.0,-0.026560606060606118
64.0,0.348,0.0,-0.056560606060606144
64.05,0.322,0.0,-0.08256060606060611
64.1,0.303,0.0,-0.10156060606060613
64.15,0.293,0.0,-0.11156060606060614
64.2,0.292,1.1000000000000085,-0.11256060606060614
64.25,0.301,0.0,-0.10356060606060613
64.3,0.318,0.0,-0.08656060606060612
64.35,0.343,0.0,-0.06156060606060609
64.4,0.373,0.0,-0.03156060606060612
64.45,0.405,0.0,0.00043939393939390614
64.5,0.437,0.0,0.03243939393939388
64.55,0.466,0.0,0.061439393939393905
64.6,0.491,0.0,0.08643939393939387
64.65,0.508,0.0,0.10343939393939389
64.7,0.516,1.0,0.1114393939393939
64.75,0.515,0.0,0.11043939393939389
64.8,0.505,0.0,0.10043939393939388
64.85,0.486,0.0,0.08143939393939387
64.9,0.46,0.0,0.0554393939393939
64.95,0.43,0.0,0.025439393939393873
65.0,0.398,0.0,-0.0065606060606061
65.05,0.365,0.0,-0.03956060606060613
65.1,0.337,0.0,-0.0675606060606061
65.15,0.314,0.0,-0.09056060606060612
65.2,0.298,0.0,-0.10656060606060613
65.25,0.292,1.0999999999999943,-0.11256060606060614
65.3,0.295,0.0,-0.10956060606060614
65.35,0.307,0.0,-0.09756060606060613
65.4,0.327,0.0,-0.07756060606060611
65.45,0.354,0.0,-0.05056060606060614
65.5,0.385,0.0,-0.01956060606060611
65.55,0.418,0.0,0.013439393939393862
65.6,0.449,0.0,0.04443939393939389
65.65,0.477,0.0,0.07243939393939386
65.7,0.499,0.0,0.09443939393939388
65.75,0.513,0.0,0.10843939393939389
65.8,0.517,1.0999999999999943,0.1124393939393939
65.85,0.512,0.0,0.10743939393939389
65.9,0.498,0.0,0.09343939393939388
65.95,0.476,0.0,0.07143939393939386
66.0,0.448,0.0,0.04343939393939389
66.05,0.417,0.0,0.012439393939393861
66.1,0.384,0.0,-0.020560606060606113
66.15,0.353,0.0,-0.05156060606060614
66.2,0.326,0.0,-0.07856060606060611
66.25,0.307,0.0,-0.09756060606060613
66.3,0.295,0.0,-0.10956060606060614
66.35,0.292,1.0999999999999943,-0.11256060606060614
66.4,0.299,0.0,-0.10556060606060613
66.45,0.315,0.0,-0.08956060606060612
66.5,0.338,0.0,-0.0665606060606061
66.55,0.367,0.0,-0.03756060606060613
66.6,0.399,0.0,-0.005560606060606099
66.65,0.431,0.0,0.026439393939393874
66.7,0.461,0.0,0.0564393939393939
66.75,0.487,0.0,0.08243939393939387
66.8,0.505,0.0,0.10043939393939388
66.85,0.515,0.0,0.11043939393939389
66.9,0.516,1.1000000000000227,0.1114393939393939
66.95,0.507,0.0,0.10243939393939389
67.0,0.49,0.0,0.08543939393939387
67.05,0.465,0.0,0.060439393939393904
67.1,0.435,0.0,0.030439393939393877
67.15,0.403,0.0,-0.0015606060606060956
67.2,0.371,0.0,-0.033560606060606124
67.25,0.342,0.0,-0.0625606060606061
67.3,0.318,0.0,-0.08656060606060612
67.35,0.301,0.0,-0.10356060606060613
67.4,0.293,1.0,-0.11156060606060614
67.45,0.294,0.0,-0.11056060606060614
67.5,0.305,0.0,-0.09956060606060613
67.55,0.324,0.0,-0.08056060606060611
67.6,0.35,0.0,-0.05456060606060614
67.65,0.38,0.0,-0.024560606060606116
67.7,0.412,0.0,0.007439393939393857
67.75,0.444,0.0,0.039439393939393885
67.8,0.472,0.0,0.06743939393939385
67.85,0.495,0.0,0.09043939393939388
67.9,0.51,0.0,0.10543939393939389
67.95,0.516,1.0999999999999943,0.1114393939393939
68.0,0.513,0.0,0.10843939393939389
68.05,0.5,0.0,0.09543939393939388
68.1,0.48,0.0,0.07543939393939386
68.15,0.453,0.0,0.04843939393939389
68.2,0.422,0.0,0.017439393939393866
68.25,0.39,0.0,-0.014560606060606107
68.3,0.359,0.0,-0.045560606060606135
68.35,0.331,0.0,-0.0735606060606061
68.4,0.31,0.0,-0.09456060606060612
68.45,0.297,0.0,-0.10756060606060613
68.5,0.293,1.0999999999999943,-0.11156060606060614
68.55,0.298,0.0,-0.10656060606060613
68.6,0.312,0.0,-0.09256060606060612
68.65,0.334,0.0,-0.0705606060606061
68.7,0.362,0.0,-0.04256060606060613
68.75,0.394,0.0,-0.010560606060606104
68.8,0.426,0.0,0.02143939393939387
68.85,0.456,0.0,0.051439393939393896
68.9,0.483,0.0,0.07843939393939386
68.95,0.502,0.0,0.09743939393939388
69.0,0.514,0.0,0.10943939393939389
69.05,0.516,1.0999999999999943,0.1114393939393939
69.1,0.509,0.0,0.10443939393939389
69.15,0.493,0.0,0.08843939393939387
69.2,0.469,0.0,0.06443939393939385
69.25,0.44,0.0,0.03543939393939388
69.3,0.408,0.0,0.0034393939393938533
69.35,0.377,0.0,-0.02756060606060612
69.4,0.347,0.0,-0.057560606060606145
69.45,0.322,0.0,-0.08256060606060611
69.5,0.304,0.0,-0.10056060606060613
69.55,0.294,0.0,-0.11056060606060614
69.6,0.294,1.0999999999999943,-0.11056060606060614
69.65,0.303,0.0,-0.10156060606060613
69.7,0.32,0.0,-0.08456060606060611
69.75,0.345,0.0,-0.05956060606060615
69.8,0.374,0.0,-0.03056060606060612
69.85,0.406,0.0,0.001439393939393907
69.9,0.438,0.0,0.03343939393939388
69.95,0.467,0.0,0.062439393939393906
70.0,0.491,0.0,0.08643939393939387
70.05,0.507,0.0,0.10243939393939389
70.1,0.515,1.0,0.11043939393939389
70.15,0.513,0.0,0.10843939393939389
70.2,0.503,0.0,0.09843939393939388
70.25,0.484,0.0,0.07943939393939387
70.3,0.458,0.0,0.0534393939393939
70.35,0.428,0.0,0.02343939393939387
70.4,0.396,0.0,-0.008560606060606102
70.45,0.365,0.0,-0.03956060606060613
70.5,0.337,0.0,-0.0675606060606061
70.55,0.314,0.0,-0.09056060606060612
70.6,0.299,0.0,-0.10556060606060613
70.65,0.294,1.1000000000000227,-0.11056060606060614
70.7,0.297,0.0,-0.10756060606060613
70.75,0.309,0.0,-0.09556060606060612
70.8,0.33,0.0,-0.0745606060606061
70.85,0.357,0.0,-0.047560606060606136
70.9,0.387,0.0,-0.01756060606060611
70.95,0.42,0.0,0.015439393939393864
71.0,0.45,0.0,0.04543939393939389
71.05,0.477,0.0,0.07243939393939386
71.1,0.498,0.0,0.09343939393939388
71.15,0.511,0.0,0.10643939393939389
71.2,0.515,1.0999999999999943,0.11043939393939389
71.25,0.51,0.0,0.10543939393939389
71.3,0.495,0.0,0.09043939393939388
71.35,0.473,0.0,0.06843939393939386
71.4,0.446,0.0,0.04143939393939389
71.45,0.414,0.0,0.009439393939393859
71.5,0.383,0.0,-0.021560606060606113
71.55,0.352,0.0,-0.05256060606060614
71.6,0.326,0.0,-0.07856060606060611
71.65,0.307,0.0,-0.09756060606060613
71.7,0.296,0.0,-0.10856060606060614
71.75,0.294,1.0999999999999943,-0.11056060606060614
71.8,0.302,0.0,-0.10256060606060613
71.85,0.318,0.0,-0.08656060606060612
71.9,0.341,0.0,-0.0635606060606061
71.95,0.37,0.0,-0.034560606060606125
72.0,0.401,0.0,-0.0035606060606060974
72.05,0.433,0.0,0.028439393939393875
72.1,0.462,0.0,0.0574393939393939
72.15,0.487,0.0,0.08243939393939387
72.2,0.505,0.0,0.10043939393939388
72.25,0.514,0.0,0.10943939393939389
72.3,0.514,1.0999999999999943,0.10943939393939389
72.35,0.504,0.0,0.09943939393939388
72.4,0.487,0.0,0.08243939393939387
72.45,0.462,0.0,0.0574393939393939
72.5,0.433,0.0,0.028439393939393875
72.55,0.401,0.0,-0.0035606060606060974
72.6,0.37,0.0,-0.034560606060606125
72.65,0.341,0.0,-0.0635606060606061
72.7,0.318,0.0,-0.08656060606060612
72.75,0.302,0.0,-0.10256060606060613
72.8,0.294,1.0,-0.11056060606060614
72.85,0.296,0.0,-0.10856060606060614
72.9,0.307,0.0,-0.09756060606060613
72.95,0.326,0.0,-0.07856060606060611
73.0,0.351,0.0,-0.05356060606060614
73.05,0.382,0.0,-0.022560606060606114
73.1,0.414,0.0,0.009439393939393859
73.15,0.445,0.0,0.040439393939393886
73.2,0.473,0.0,0.06843939393939386
73.25,0.495,0.0,0.09043939393939388
73.3,0.509,0.0,0.10443939393939389
73.35,0.515,1.0999999999999943,0.11043939393939389
73.4,0.511,0.0,0.10643939393939389
73.45,0.499,0.0,0.09443939393939388
73.5,0.478,0.0,0.07343939393939386
73.55,0.451,0.0,0.04643939393939389
73.6,0.421,0.0,0.016439393939393865
73.65,0.389,0.0,-0.015560606060606108
73.7,0.358,0.0,-0.046560606060606136
73.75,0.331,0.0,-0.0735606060606061
73.8,0.311,0.0,-0.09356060606060612
73.85,0.298,0.0,-0.10656060606060613
73.9,0.294,1.1000000000000227,-0.11056060606060614
73.95,0.3,0.0,-0.10456060606060613
74.0,0.314,0.0,-0.09056060606060612
74.05,0.336,0.0,-0.0685606060606061
74.1,0.364,0.0,-0.04056060606060613
74.15,0.395,0.0,-0.009560606060606103
74.2,0.427,0.0,0.02243939393939387
74.25,0.456,0.0,0.051439393939393896
74.3,0.482,0.0,0.07743939393939386
74.35,0.501,0.0,0.09643939393939388
74.4,0.512,0.0,0.10743939393939389
74.45,0.514,1.0999999999999943,0.10943939393939389
74.5,0.506,0.0,0.10143939393939388
74.55,0.49,0.0,0.08543939393939387
74.6,0.467,0.0,0.062439393939393906
74.65,0.439,0.0,0.03443939393939388
74.7,0.407,0.0,0.0024393939393938524
74.75,0.376,0.0,-0.02856060606060612
74.8,0.347,0.0,-0.057560606060606145
74.85,0.322,0.0,-0.08256060606060611
74.9,0.305,0.0,-0.09956060606060613
74.95,0.296,0.0,-0.10856060606060614
75.0,0.296,1.0999999999999943,-0.10856060606060614
75.05,0.306,0.0,-0.09856060606060613
75.1,0.323,0.0,-0.08156060606060611
75.15,0.348,0.0,-0.056560606060606144
75.2,0.377,0.0,-0.02756060606060612
75.25,0.408,0.0,0.0034393939393938533
75.3,0.439,0.0,0.03443939393939388
75.35,0.467,0.0,0.062439393939393906
75.4,0.49,0.0,0.08543939393939387
75.45,0.506,0.0,0.10143939393939388
75.5,0.513,1.0,0.10843939393939389
75.55,0.511,0.0,0.10643939393939389
75.6,0.5,0.0,0.09543939393939388
75.65,0.481,0.0,0.07643939393939386
75.7,0.456,0.0,0.051439393939393896
75.75,0.426,0.0,0.02143939393939387
75.8,0.394,0.0,-0.010560606060606104
75.85,0.363,0.0,-0.04156060606060613
75.9,0.336,0.0,-0.0685606060606061
75.95,0.314,0.0,-0.09056060606060612
76.0,0.3,0.0,-0.10456060606060613
76.05,0.295,1.0999999999999943,-0.10956060606060614
76.1,0.299,0.0,-0.10556060606060613
76.15,0.312,0.0,-0.09256060606060612
76.2,0.332,0.0,-0.0725606060606061
76.25,0.359,0.0,-0.045560606060606135
76.3,0.39,0.0,-0.014560606060606107
76.35,0.421,0.0,0.016439393939393865
76.4,0.451,0.0,0.04643939393939389
76.45,0.478,0.0,0.07343939393939386
76.5,0.498,0.0,0.09343939393939388
76.55,0.51,0.0,0.10543939393939389
76.6,0.514,1.0999999999999943,0.10943939393939389
76.65,0.508,0.0,0.10343939393939389
76.7,0.493,0.0,0.08843939393939387
76.75,0.471,0.0,0.06643939393939385
76.8,0.444,0.0,0.039439393939393885
76.85,0.413,0.0,0.008439393939393858
76.9,0.381,0.0,-0.023560606060606115
76.95,0.351,0.0,-0.05356060606060614
77.0,0.326,0.0,-0.07856060606060611
77.05,0.308,0.0,-0.09656060606060612
77.1,0.297,0.0,-0.10756060606060613
77.15,0.296,1.1000000000000227,-0.10856060606060614
77.2,0.303,0.0,-0.10156060606060613
77.25,0.319,0.0,-0.08556060606060611
77.3,0.343,0.0,-0.06156060606060609
77.35,0.371,0.0,-0.033560606060606124
77.4,0.402,0.0,-0.0025606060606060965
77.45,0.434,0.0,0.029439393939393876
77.5,0.463,0.0,0.0584393939393939
77.55,0.487,0.0,0.08243939393939387
77.6,0.504,0.0,0.09943939393939388
77.65,0.512,0.0,0.10743939393939389
77.7,0.512,1.0999999999999943,0.10743939393939389
77.75,0.502,0.0,0.09743939393939388
77.8,0.485,0.0,0.08043939393939387
77.85,0.46,0.0,0.0554393939393939
77.9,0.431,0.0,0.026439393939393874
77.95,0.4,0.0,-0.004560606060606098
78.0,0.369,0.0,-0.035560606060606126
78.05,0.341,0.0,-0.0635606060606061
78.1,0.318,0.0,-0.08656060606060612
78.15,0.303,0.0,-0.10156060606060613
78.2,0.296,1.0,-0.10856060606060614
78.25,0.298,0.0,-0.10656060606060613
78.3,0.309,0.0,-0.09556060606060612
78.35,0.329,0.0,-0.0755606060606061
78.4,0.354,0.0,-0.05056060606060614
78.45,0.384,0.0,-0.020560606060606113
78.5,0.415,0.0,0.01043939393939386
78.55,0.446,0.0,0.04143939393939389
78.6,0.473,0.0,0.06843939393939386
78.65,0.494,0.0,0.08943939393939387
78.7,0.508,0.0,0.10343939393939389
78.75,0.513,1.0999999999999943,0.10843939393939389
78.8,0.509,0.0,0.10443939393939389
78.85,0.496,0.0,0.09143939393939388
78.9,0.475,0.0,0.07043939393939386
78.95,0.449,0.0,0.04443939393939389
79.0,0.418,0.0,0.013439393939393862
79.05,0.387,0.0,-0.01756060606060611
79.1,0.357,0.0,-0.047560606060606136
79.15,0.331,0.0,-0.0735606060606061
79.2,0.311,0.0,-0.09356060606060612
79.25,0.299,0.0,-0.10556060606060613
79.3,0.296,1.0999999999999943,-0.10856060606060614
79.35,0.302,0.0,-0.10256060606060613
79.4,0.317,0.0,-0.08756060606060612
79.45,0.339,0.0,-0.0655606060606061
79.5,0.367,0.0,-0.03756060606060613
79.55,0.397,0.0,-0.007560606060606101
79.6,0.429,0.0,0.024439393939393872
79.65,0.458,0.0,0.0534393939393939
79.7,0.483,0.0,0.07843939393939386
79.75,0.501,0.0,0.09643939393939388
79.8,0.511,0.0,0.10643939393939389
79.85,0.512,1.0999999999999943,0.10743939393939389
79.9,0.504,0.0,0.09943939393939388
79.95,0.488,0.0,0.08343939393939387
80.0,0.464,0.0,0.0594393939393939
80.05,0.436,0.0,0.03143939393939388
80.1,0.405,0.0,0.00043939393939390614
80.15,0.374,0.0,-0.03056060606060612
80.2,0.346,0.0,-0.058560606060606146
80.25,0.322,0.0,-0.08256060606060611
80.3,0.305,0.0,-0.09956060606060613
80.35,0.297,1.0,-0.10756060606060613
80.4,0.298,0.0,-0.10656060606060613
80.45,0.308,0.0,-0.09656060606060612
80.5,0.325,0.0,-0.07956060606060611
80.55,0.35,0.0,-0.05456060606060614
80.6,0.379,0.0,-0.025560606060606117
80.65,0.41,0.0,0.005439393939393855
80.7,0.441,0.0,0.03643939393939388
80.75,0.468,0.0,0.0634393939393939
80.8,0.491,0.0,0.08643939393939387
80.85,0.506,0.0,0.10143939393939388
80.9,0.512,1.1000000000000227,0.10743939393939389
80.95,0.51,0.0,0.10543939393939389
81.0,0.499,0.0,0.09443939393939388
81.05,0.479,0.0,0.07443939393939386
81.1,0.453,0.0,0.04843939393939389
81.15,0.424,0.0,0.019439393939393868
81.2,0.393,0.0,-0.011560606060606105
81.25,0.362,0.0,-0.04256060606060613
81.3,0.336,0.0,-0.0685606060606061
81.35,0.314,0.0,-0.09056060606060612
81.4,0.301,0.0,-0.10356060606060613
81.45,0.296,1.0999999999999943,-0.10856060606060614
81.5,0.301,0.0,-0.10356060606060613
81.55,0.314,0.0,-0.09056060606060612
81.6,0.335,0.0,-0.0695606060606061
81.65,0.361,0.0,-0.04356060606060613
81.7,0.392,0.0,-0.012560606060606105
81.75,0.423,0.0,0.018439393939393867
81.8,0.452,0.0,0.04743939393939389
81.85,0.478,0.0,0.07343939393939386
81.9,0.498,0.0,0.09343939393939388
81.95,0.509,0.0,0.10443939393939389
82.0,0.512,1.0999999999999943,0.10743939393939389
82.05,0.505,0.0,0.10043939393939388
82.1,0.491,0.0,0.08643939393939387
82.15,0.468,0.0,0.0634393939393939
82.2,0.441,0.0,0.03643939393939388
82.25,0.41,0.0,0.005439393939393855
82.3,0.38,0.0,-0.024560606060606116
82.35,0.351,0.0,-0.05356060606060614
82.4,0.326,0.0,-0.07856060606060611
82.45,0.309,0.0,-0.09556060606060612
82.5,0.299,0.0,-0.10556060606060613
82.55,0.298,1.0999999999999943,-0.10656060606060613
82.6,0.306,0.0,-0.09856060606060613
82.65,0.323,0.0,-0.08156060606060611
82.7,0.346,0.0,-0.058560606060606146
82.75,0.374,0.0,-0.03056060606060612
82.8,0.405,0.0,0.00043939393939390614
82.85,0.435,0.0,0.030439393939393877
82.9,0.463,0.0,0.0584393939393939
82.95,0.487,0.0,0.08243939393939387
83.0,0.503,0.0,0.09843939393939388
83.05,0.511,1.0,0.10643939393939389
83.1,0.51,0.0,0.10543939393939389
83.15,0.5,0.0,0.09543939393939388
83.2,0.482,0.0,0.07743939393939386
83.25,0.457,0.0,0.0524393939393939
83.3,0.429,0.0,0.024439393939393872
83.35,0.398,0.0,-0.0065606060606061
83.4,0.367,0.0,-0.03756060606060613
83.45,0.34,0.0,-0.0645606060606061
83.5,0.318,0.0,-0.08656060606060612
83.55,0.304,0.0,-0.10056060606060613
83.6,0.297,1.0999999999999943,-0.10756060606060613
83.65,0.3,0.0,-0.10456060606060613
83.7,0.312,0.0,-0.09256060606060612
83.75,0.331,0.0,-0.0735606060606061
83.8,0.357,0.0,-0.047560606060606136
83.85,0.387,0.0,-0.01756060606060611
83.9,0.417,0.0,0.012439393939393861
83.95,0.448,0.0,0.04343939393939389
84.0,0.474,0.0,0.06943939393939386
84.05,0.495,0.0,0.09043939393939388
84.1,0.507,0.0,0.10243939393939389
84.15,0.512,1.1000000000000227,0.10743939393939389
84.2,0.507,0.0,0.10243939393939389
84.25,0.493,0.0,0.08843939393939387
84.3,0.473,0.0,0.06843939393939386
84.35,0.446,0.0,0.04143939393939389
84.4,0.416,0.0,0.01143939393939386
84.45,0.385,0.0,-0.01956060606060611
84.5,0.356,0.0,-0.04856060606060614
84.55,0.33,0.0,-0.0745606060606061
84.6,0.311,0.0,-0.09356060606060612
84.65,0.3,0.0,-0.10456060606060613
84.7,0.298,1.0999999999999943,-0.10656060606060613
84.75,0.304,0.0,-0.10056060606060613
84.8,0.319,0.0,-0.08556060606060611
84.85,0.341,0.0,-0.0635606060606061
84.9,0.369,0.0,-0.035560606060606126
84.95,0.399,0.0,-0.005560606060606099
85.0,0.43,0.0,0.025439393939393873
85.05,0.458,0.0,0.0534393939393939
85.1,0.483,0.0,0.07843939393939386
85.15,0.5,0.0,0.09543939393939388
85.2,0.51,0.0,0.10543939393939389
85.25,0.51,1.0999999999999943,0.10543939393939389
85.3,0.502,0.0,0.09743939393939388
85.35,0.485,0.0,0.08043939393939387
85.4,0.462,0.0,0.0574393939393939
85.45,0.434,0.0,0.029439393939393876
85.5,0.403,0.0,-0.0015606060606060956
85.55,0.373,0.0,-0.03156060606060612
85.6,0.345,0.0,-0.05956060606060615
85.65,0.322,0.0,-0.08256060606060611
85.7,0.306,0.0,-0.09856060606060613
85.75,0.299,1.0,-0.10556060606060613
85.8,0.3,0.0,-0.10456060606060613
85.85,0.31,0.0,-0.09456060606060612
85.9,0.328,0.0,-0.0765606060606061
85.95,0.353,0.0,-0.05156060606060614
86.0,0.381,0.0,-0.023560606060606115
86.05,0.412,0.0,0.007439393939393857
86.1,0.442,0.0,0.037439393939393883
86.15,0.469,0.0,0.06443939393939385
86.2,0.49,0.0,0.08543939393939387
86.25,0.505,0.0,0.10043939393939388
86.3,0.511,1.0999999999999943,0.10643939393939389
86.35,0.507,0.0,0.10243939393939389
86.4,0.496,0.0,0.09143939393939388
86.45,0.476,0.0,0.07143939393939386
86.5,0.45,0.0,0.04543939393939389
86.55,0.421,0.0,0.016439393939393865
86.6,0.39,0.0,-0.014560606060606107
86.65,0.361,0.0,-0.04356060606060613
86.7,0.335,0.0,-0.0695606060606061
86.75,0.315,0.0,-0.08956060606060612
86.8,0.302,0.0,-0.10256060606060613
86.85,0.298,1.0999999999999943,-0.10656060606060613
86.9,0.303,0.0,-0.10156060606060613
86.95,0.317,0.0,-0.08756060606060612
87.0,0.338,0.0,-0.0665606060606061
87.05,0.365,0.0,-0.03956060606060613
87.1,0.395,0.0,-0.009560606060606103
87.15,0.425,0.0,0.02043939393939387
87.2,0.454,0.0,0.049439393939393894
87.25,0.479,0.0,0.07443939393939386
87.3,0.498,0.0,0.09343939393939388
87.35,0.508,0.0,0.10343939393939389
87.4,0.51,1.1000000000000227,0.10543939393939389
87.45,0.503,0.0,0.09843939393939388
87.5,0.488,0.0,0.08343939393939387
87.55,0.466,0.0,0.061439393939393905
87.6,0.438,0.0,0.03343939393939388
87.65,0.408,0.0,0.0034393939393938533
87.7,0.378,0.0,-0.026560606060606118
87.75,0.349,0.0,-0.055560606060606144
87.8,0.326,0.0,-0.07856060606060611
87.85,0.309,0.0,-0.09556060606060612
87.9,0.3,0.0,-0.10456060606060613
87.95,0.299,1.0999999999999943,-0.10556060606060613
88.0,0.308,0.0,-0.09656060606060612
88.05,0.325,0.0,-0.07956060606060611
88.1,0.348,0.0,-0.056560606060606144
88.15,0.376,0.0,-0.02856060606060612
88.2,0.406,0.0,0.001439393939393907
88.25,0.437,0.0,0.03243939393939388
88.3,0.464,0.0,0.0594393939393939
88.35,0.487,0.0,0.08243939393939387
88.4,0.502,0.0,0.09743939393939388
88.45,0.51,1.0,0.10543939393939389
88.5,0.508,0.0,0.10343939393939389
88.55,0.498,0.0,0.09343939393939388
88.6,0.48,0.0,0.07543939393939386
88.65,0.455,0.0,0.050439393939393895
88.7,0.426,0.0,0.02143939393939387
88.75,0.396,0.0,-0.008560606060606102
88.8,0.366,0.0,-0.03856060606060613
88.85,0.339,0.0,-0.0655606060606061
88.9,0.318,0.0,-0.08656060606060612
88.95,0.304,0.0,-0.10056060606060613
89.0,0.299,1.0999999999999943,-0.10556060606060613
89.05,0.302,0.0,-0.10256060606060613
89.1,0.314,0.0,-0.09056060606060612
89.15,0.334,0.0,-0.0705606060606061
89.2,0.359,0.0,-0.045560606060606135
89.25,0.389,0.0,-0.015560606060606108
89.3,0.419,0.0,0.014439393939393863
89.35,0.448,0.0,0.04343939393939389
89.4,0.474,0.0,0.06943939393939386
89.45,0.494,0.0,0.08943939393939387
89.5,0.506,0.0,0.10143939393939388
89.55,0.51,1.0999999999999943,0.10543939393939389
89.6,0.504,0.0,0.09943939393939388
89.65,0.491,0.0,0.08643939393939387
89.7,0.47,0.0,0.06543939393939385
89.75,0.443,0.0,0.038439393939393884
89.8,0.414,0.0,0.009439393939393859
89.85,0.383,0.0,-0.021560606060606113
89.9,0.354,0.0,-0.05056060606060614
89.95,0.33,0.0,-0.0745606060606061
90.0,0.312,0.0,-0.09256060606060612
90.05,0.301,0.0,-0.10356060606060613
90.1,0.3,1.0999999999999943,-0.10456060606060613
90.15,0.307,0.0,-0.09756060606060613
90.2,0.322,0.0,-0.08256060606060611
90.25,0.344,0.0,-0.06056060606060615
90.3,0.372,0.0,-0.03256060606060612
90.35,0.402,0.0,-0.0025606060606060965
90.4,0.432,0.0,0.027439393939393875
90.45,0.459,0.0,0.0544393939393939
90.5,0.483,0.0,0.07843939393939386
90.55,0.499,0.0,0.09443939393939388
90.6,0.508,0.0,0.10343939393939389
90.65,0.508,1.1000000000000227,0.10343939393939389
90.7,0.499,0.0,0.09443939393939388
90.75,0.482,0.0,0.07743939393939386
90.8,0.459,0.0,0.0544393939393939
90.85,0.431,0.0,0.026439393939393874
90.9,0.401,0.0,-0.0035606060606060974
90.95,0.371,0.0,-0.033560606060606124
91.0,0.344,0.0,-0.06056060606060615
91.05,0.322,0.0,-0.08256060606060611
91.1,0.307,0.0,-0.09756060606060613
91.15,0.3,1.0,-0.10456060606060613
91.2,0.302,0.0,-0.10256060606060613
91.25,0.312,0.0,-0.09256060606060612
91.3,0.33,0.0,-0.0745606060606061
91.35,0.355,0.0,-0.04956060606060614
91.4,0.384,0.0,-0.020560606060606113
91.45,0.414,0.0,0.009439393939393859
91.5,0.443,0.0,0.038439393939393884
91.55,0.47,0.0,0.06543939393939385
91.6,0.491,0.0,0.08643939393939387
91.65,0.504,0.0,0.09943939393939388
91.7,0.509,1.0999999999999943,0.10443939393939389
91.75,0.506,0.0,0.10143939393939388
91.8,0.493,0.0,0.08843939393939387
91.85,0.474,0.0,0.06943939393939386
91.9,0.448,0.0,0.04343939393939389
91.95,0.419,0.0,0.014439393939393863
92.0,0.389,0.0,-0.015560606060606108
92.05,0.359,0.0,-0.045560606060606135
92.1,0.334,0.0,-0.0705606060606061
92.15,0.315,0.0,-0.08956060606060612
92.2,0.303,0.0,-0.10156060606060613
92.25,0.3,1.0999999999999943,-0.10456060606060613
92.3,0.305,0.0,-0.09956060606060613
92.35,0.319,0.0,-0.08556060606060611
92.4,0.34,0.0,-0.0645606060606061
92.45,0.366,0.0,-0.03856060606060613
92.5,0.396,0.0,-0.008560606060606102
92.55,0.426,0.0,0.02143939393939387
92.6,0.454,0.0,0.049439393939393894
92.65,0.479,0.0,0.07443939393939386
92.7,0.497,0.0,0.09243939393939388
92.75,0.507,0.0,0.10243939393939389
92.8,0.508,1.0999999999999943,0.10343939393939389
92.85,0.501,0.0,0.09643939393939388
92.9,0.485,0.0,0.08043939393939387
92.95,0.463,0.0,0.0584393939393939
93.0,0.436,0.0,0.03143939393939388
93.05,0.406,0.0,0.001439393939393907
93.1,0.376,0.0,-0.02856060606060612
93.15,0.349,0.0,-0.055560606060606144
93.2,0.326,0.0,-0.07856060606060611
93.25,0.309,0.0,-0.09556060606060612
93.3,0.301,0.0,-0.10356060606060613
93.35,0.301,1.0999999999999943,-0.10356060606060613
93.4,0.31,0.0,-0.09456060606060612
93.45,0.327,0.0,-0.07756060606060611
93.5,0.351,0.0,-0.05356060606060614
93.55,0.379,0.0,-0.025560606060606117
93.6,0.408,0.0,0.0034393939393938533
93.65,0.438,0.0,0.03343939393939388
93.7,0.465,0.0,0.060439393939393904
93.75,0.487,0.0,0.08243939393939387
93.8,0.501,0.0,0.09643939393939388
93.85,0.508,1.0,0.10343939393939389
93.9,0.506,0.0,0.10143939393939388
93.95,0.495,0.0,0.09043939393939388
94.0,0.477,0.0,0.07243939393939386
94.05,0.452,0.0,0.04743939393939389
94.1,0.424,0.0,0.019439393939393868
94.15,0.394,0.0,-0.010560606060606104
94.2,0.364,0.0,-0.04056060606060613
94.25,0.338,0.0,-0.0665606060606061
94.3,0.318,0.0,-0.08656060606060612
94.35,0.305,0.0,-0.09956060606060613
94.4,0.3,1.1000000000000227,-0.10456060606060613
94.45,0.304,0.0,-0.10056060606060613
94.5,0.317,0.0,-0.08756060606060612
94.55,0.337,0.0,-0.0675606060606061
94.6,0.362,0.0,-0.04256060606060613
94.65,0.391,0.0,-0.013560606060606106
94.7,0.421,0.0,0.016439393939393865
94.75,0.45,0.0,0.04543939393939389
94.8,0.475,0.0,0.07043939393939386
94.85,0.494,0.0,0.08943939393939387
94.9,0.505,0.0,0.10043939393939388
94.95,0.508,1.0999999999999943,0.10343939393939389
95.0,0.502,0.0,0.09743939393939388
95.05,0.488,0.0,0.08343939393939387
95.1,0.467,0.0,0.062439393939393906
95.15,0.441,0.0,0.03643939393939388
95.2,0.411,0.0,0.006439393939393856
95.25,0.381,0.0,-0.023560606060606115
95.3,0.353,0.0,-0.05156060606060614
95.35,0.329,0.0,-0.0755606060606061
95.4,0.312,0.0,-0.09256060606060612
95.45,0.302,0.0,-0.10256060606060613
95.5,0.301,1.0999999999999943,-0.10356060606060613
95.55,0.309,0.0,-0.09556060606060612
95.6,0.324,0.0,-0.08056060606060611
95.65,0.346,0.0,-0.058560606060606146
95.7,0.374,0.0,-0.03056060606060612
95.75,0.403,0.0,-0.0015606060606060956
95.8,0.433,0.0,0.028439393939393875
95.85,0.46,0.0,0.0554393939393939
95.9,0.483,0.0,0.07843939393939386
95.95,0.499,0.0,0.09443939393939388
96.0,0.507,1.0,0.10243939393939389
96.05,0.506,0.0,0.10143939393939388
96.1,0.497,0.0,0.09243939393939388
96.15,0.48,0.0,0.07543939393939386
96.2,0.456,0.0,0.051439393939393896
96.25,0.429,0.0,0.024439393939393872
96.3,0.399,0.0,-0.005560606060606099
96.35,0.37,0.0,-0.034560606060606125
96.4,0.343,0.0,-0.06156060606060609
96.45,0.322,0.0,-0.08256060606060611
96.5,0.307,0.0,-0.09756060606060613
96.55,0.301,1.0999999999999943,-0.10356060606060613
96.6,0.303,0.0,-0.10156060606060613
96.65,0.314,0.0,-0.09056060606060612
96.7,0.333,0.0,-0.0715606060606061
96.75,0.358,0.0,-0.046560606060606136
96.8,0.386,0.0,-0.01856060606060611
96.85,0.416,0.0,0.01143939393939386
96.9,0.445,0.0,0.040439393939393886
96.95,0.47,0.0,0.06543939393939385
97.0,0.49,0.0,0.08543939393939387
97.05,0.503,0.0,0.09843939393939388
97.1,0.508,1.0999999999999943,0.10343939393939389
97.15,0.503,0.0,0.09843939393939388
97.2,0.491,0.0,0.08643939393939387
97.25,0.471,0.0,0.06643939393939385
97.3,0.445,0.0,0.040439393939393886
97.35,0.416,0.0,0.01143939393939386
97.4,0.387,0.0,-0.01756060606060611
97.45,0.358,0.0,-0.046560606060606136
97.5,0.334,0.0,-0.0705606060606061
97.55,0.315,0.0,-0.08956060606060612
97.6,0.304,0.0,-0.10056060606060613
97.65,0.301,1.1000000000000227,-0.10356060606060613
97.7,0.308,0.0,-0.09656060606060612
97.75,0.322,0.0,-0.08256060606060611
97.8,0.343,0.0,-0.06156060606060609
97.85,0.37,0.0,-0.034560606060606125
97.9,0.399,0.0,-0.005560606060606099
97.95,0.428,0.0,0.02343939393939387
98.0,0.456,0.0,0.051439393939393896
98.05,0.479,0.0,0.07443939393939386
98.1,0.496,0.0,0.09143939393939388
98.15,0.506,0.0,0.10143939393939388
98.2,0.506,1.0999999999999943,0.10143939393939388
98.25,0.499,0.0,0.09443939393939388
98.3,0.483,0.0,0.07843939393939386
98.35,0.46,0.0,0.0554393939393939
98.4,0.433,0.0,0.028439393939393875
98.45,0.404,0.0,-0.0005606060606060947
98.5,0.375,0.0,-0.02956060606060612
98.55,0.347,0.0,-0.057560606060606145
98.6,0.325,0.0,-0.07956060606060611
98.65,0.31,0.0,-0.09456060606060612
98.7,0.302,1.0,-0.10256060606060613
98.75,0.303,0.0,-0.10156060606060613
98.8,0.313,0.0,-0.09156060606060612
98.85,0.33,0.0,-0.0745606060606061
98.9,0.353,0.0,-0.05156060606060614
98.95,0.381,0.0,-0.023560606060606115
99.0,0.411,0.0,0.006439393939393856
99.05,0.44,0.0,0.03543939393939388
99.1,0.466,0.0,0.061439393939393905
99.15,0.487,0.0,0.08243939393939387
99.2,0.501,0.0,0.09643939393939388
99.25,0.507,1.0999999999999943,0.10243939393939389
99.3,0.505,0.0,0.10043939393939388
99.35,0.493,0.0,0.08843939393939387
99.4,0.475,0.0,0.07043939393939386
99.45,0.45,0.0,0.04543939393939389
99.5,0.421,0.0,0.016439393939393865
99.55,0.392,0.0,-0.012560606060606105
99.6,0.363,0.0,-0.04156060606060613
99.65,0.338,0.0,-0.0665606060606061
99.7,0.318,0.0,-0.08656060606060612
99.75,0.306,0.0,-0.09856060606060613
99.8,0.302,1.0999999999999943,-0.10256060606060613
99.85,0.306,0.0,-0.09856060606060613
99.9,0.319,0.0,-0.08556060606060611
99.95,0.339,0.0,-0.0655606060606061
100.0,0.365,0.0,-0.03956060606060613
100.05,0.393,0.0,-0.011560606060606105
100.1,0.423,0.0,0.018439393939393867
100.15,0.451,0.0,0.04643939393939389
100.2,0.475,0.0,0.07043939393939386
100.25,0.493,0.0,0.08843939393939387
100.3,0.504,0.0,0.09943939393939388
100.35,0.506,1.0999999999999943,0.10143939393939388
100.4,0.5,0.0,0.09543939393939388
100.45,0.486,0.0,0.08143939393939387
100.5,0.464,0.0,0.0594393939393939
100.55,0.438,0.0,0.03343939393939388
100.6,0.409,0.0,0.004439393939393854
100.65,0.38,0.0,-0.024560606060606116
100.7,0.353,0.0,-0.05156060606060614
100.75,0.33,0.0,-0.0745606060606061
100.8,0.313,0.0,-0.09156060606060612
100.85,0.304,0.0,-0.10056060606060613
100.9,0.303,1.1000000000000227,-0.10156060606060613
100.95,0.311,0.0,-0.09356060606060612
101.0,0.327,0.0,-0.07756060606060611
101.05,0.35,0.0,-0.05456060606060614
101.1,0.376,0.0,-0.02856060606060612
101.15,0.406,0.0,0.001439393939393907
101.2,0.435,0.0,0.030439393939393877
101.25,0.461,0.0,0.0564393939393939
101.3,0.483,0.0,0.07843939393939386
101.35,0.498,0.0,0.09343939393939388
101.4,0.506,1.0,0.10143939393939388
101.45,0.504,0.0,0.09943939393939388
101.5,0.495,0.0,0.09043939393939388
101.55,0.477,0.0,0.07243939393939386
101.6,0.454,0.0,0.049439393939393894
101.65,0.426,0.0,0.02143939393939387
101.7,0.397,0.0,-0.007560606060606101
101.75,0.368,0.0,-0.03656060606060613
101.8,0.342,0.0,-0.0625606060606061
101.85,0.322,0.0,-0.08256060606060611
101.9,0.308,0.0,-0.09656060606060612
101.95,0.302,1.0999999999999943,-0.10256060606060613
102.0,0.305,0.0,-0.09956060606060613
102.05,0.317,0.0,-0.08756060606060612
102.1,0.336,0.0,-0.0685606060606061
102.15,0.36,0.0,-0.044560606060606134
102.2,0.389,0.0,-0.015560606060606108
102.25,0.418,0.0,0.013439393939393862
102.3,0.446,0.0,0.04143939393939389
102.35,0.471,0.0,0.06643939393939385
102.4,0.49,0.0,0.08543939393939387
102.45,0.502,0.0,0.09743939393939388
102.5,0.506,1.0999999999999943,0.10143939393939388
102.55,0.502,0.0,0.09743939393939388
102.6,0.489,0.0,0.08443939393939387
102.65,0.469,0.0,0.06443939393939385
102.7,0.443,0.0,0.038439393939393884
102.75,0.415,0.0,0.01043939393939386
102.8,0.385,0.0,-0.01956060606060611
102.85,0.357,0.0,-0.047560606060606136
102.9,0.334,0.0,-0.0705606060606061
102.95,0.315,0.0,-0.08956060606060612
103.0,0.305,0.0,-0.09956060606060613
103.05,0.303,1.0999999999999943,-0.10156060606060613
103.1,0.309,0.0,-0.09556060606060612
103.15,0.324,0.0,-0.08056060606060611
103.2,0.345,0.0,-0.05956060606060615
103.25,0.371,0.0,-0.033560606060606124
103.3,0.4,0.0,-0.004560606060606098
103.35,0.429,0.0,0.024439393939393872
103.4,0.456,0.0,0.051439393939393896
103.45,0.479,0.0,0.07443939393939386
103.5,0.496,0.0,0.09143939393939388
103.55,0.505,0.0,0.10043939393939388
103.6,0.505,1.0999999999999943,0.10043939393939388
103.65,0.497,0.0,0.09243939393939388
103.7,0.481,0.0,0.07643939393939386
103.75,0.459,0.0,0.0544393939393939
103.8,0.432,0.0,0.027439393939393875
103.85,0.403,0.0,-0.0015606060606060956
103.9,0.374,0.0,-0.03056060606060612
103.95,0.348,0.0,-0.056560606060606144
104.0,0.326,0.0,-0.07856060606060611
104.05,0.311,0.0,-0.09356060606060612
104.1,0.304,1.0,-0.10056060606060613
104.15,0.305,0.0,-0.09956060606060613
104.2,0.315,0.0,-0.08956060606060612
104.25,0.332,0.0,-0.0725606060606061
104.3,0.355,0.0,-0.04956060606060614
104.35,0.383,0.0,-0.021560606060606113
104.4,0.412,0.0,0.007439393939393857
104.45,0.441,0.0,0.03643939393939388
104.5,0.466,0.0,0.061439393939393905
104.55,0.487,0.0,0.08243939393939387
104.6,0.5,0.0,0.09543939393939388
104.65,0.505,1.1000000000000227,0.10043939393939388
104.7,0.502,0.0,0.09743939393939388
104.75,0.491,0.0,0.08643939393939387
104.8,0.472,0.0,0.06743939393939385
104.85,0.448,0.0,0.04343939393939389
104.9,0.42,0.0,0.015439393939393864
104.95,0.39,0.0,-0.014560606060606107
105.0,0.362,0.0,-0.04256060606060613
105.05,0.337,0.0,-0.0675606060606061
105.1,0.319,0.0,-0.08556060606060611
105.15,0.307,0.0,-0.09756060606060613
105.2,0.303,1.0999999999999943,-0.10156060606060613
105.25,0.309,0.0,-0.09556060606060612
105.3,0.322,0.0,-0.08256060606060611
105.35,0.342,0.0,-0.0625606060606061
105.4,0.367,0.0,-0.03756060606060613
105.45,0.396,0.0,-0.008560606060606102
105.5,0.424,0.0,0.019439393939393868
105.55,0.452,0.0,0.04743939393939389
105.6,0.476,0.0,0.07143939393939386
105.65,0.493,0.0,0.08843939393939387
105.7,0.503,0.0,0.09843939393939388
105.75,0.505,1.0999999999999943,0.10043939393939388
105.8,0.498,0.0,0.09343939393939388
105.85,0.484,0.0,0.07943939393939387
105.9,0.462,0.0,0.0574393939393939
105.95,0.436,0.0,0.03143939393939388
106.0,0.407,0.0,0.0024393939393938524
106.05,0.378,0.0,-0.026560606060606118
106.1,0.352,0.0,-0.05256060606060614
106.15,0.329,0.0,-0.0755606060606061
106.2,0.313,0.0,-0.09156060606060612
106.25,0.305,0.0,-0.09956060606060613
106.3,0.305,1.0999999999999943,-0.09956060606060613
106.35,0.313,0.0,-0.09156060606060612
106.4,0.329,0.0,-0.0755606060606061
106.45,0.352,0.0,-0.05256060606060614
106.5,0.378,0.0,-0.026560606060606118
106.55,0.407,0.0,0.0024393939393938524
106.6,0.436,0.0,0.03143939393939388
106.65,0.462,0.0,0.0574393939393939
106.7,0.483,0.0,0.07843939393939386
106.75,0.498,0.0,0.09343939393939388
106.8,0.505,1.0,0.10043939393939388
106.85,0.503,0.0,0.09843939393939388
106.9,0.493,0.0,0.08843939393939387
106.95,0.476,0.0,0.07143939393939386
107.0,0.452,0.0,0.04743939393939389
107.05,0.425,0.0,0.02043939393939387
107.1,0.396,0.0,-0.008560606060606102
107.15,0.368,0.0,-0.03656060606060613
107.2,0.342,0.0,-0.0625606060606061
107.25,0.322,0.0,-0.08256060606060611
107.3,0.309,0.0,-0.09556060606060612
107.35,0.304,1.0999999999999943,-0.10056060606060613
107.4,0.307,0.0,-0.09756060606060613
107.45,0.319,0.0,-0.08556060606060611
107.5,0.338,0.0,-0.0665606060606061
107.55,0.362,0.0,-0.04256060606060613
107.6,0.39,0.0,-0.014560606060606107
107.65,0.419,0.0,0.014439393939393863
